k,rho,delta,normalization,operator,n_alt,n_null,mean_T_alt,sd_T_alt,mc95_low_mean_T_alt,mc95_high_mean_T_alt,mean_T_null,sd_T_null,D
1,0.0,1.0,empirical_percentile,maximum,1000,1000,0.0697082437227837,0.0259450160004568,0.068100154970761,0.0713163324748065,-0.0005567842719887,0.0354829232352388,1.9802491336167831
1,0.3,1.0,empirical_percentile,maximum,1000,1000,0.0923985994093665,0.0364251235232422,0.0901409468633926,0.0946562519553404,-0.0037478943238854,0.0464367604925886,2.0704823659823792
1,0.6,1.0,empirical_percentile,maximum,1000,1000,0.1240937983581006,0.0423151912167637,0.1214710756342383,0.1267165210819629,-0.0043144960035486,0.0603008951311073,2.1294591744029936
1,0.9,1.0,empirical_percentile,maximum,1000,1000,0.1799207858006978,0.0492858403330037,0.1768660177684832,0.1829755538329124,-0.0041559803389339,0.0728766545877964,2.5258674013070914
1,0.0,1.0,empirical_percentile,product,1000,1000,0.2346653885006792,0.1486234755348795,0.2254536100500528,0.2438771669513056,-0.0279428117989542,0.1644045271875118,1.5973294944616416
1,0.3,1.0,empirical_percentile,product,1000,1000,0.1669886709515419,0.1581024810666555,0.157189377651214,0.1767879642518697,-0.0354471453724451,0.1705665533988194,1.1868435651076958
1,0.6,1.0,empirical_percentile,product,1000,1000,0.1144428577374099,0.1626659729905802,0.1043607162772397,0.1245249991975802,-0.022563339502142,0.180792849658651,0.7578076096384829
1,0.9,1.0,empirical_percentile,product,1000,1000,0.0802792189349719,0.1592272011370396,0.0704102147624546,0.0901482231074891,-0.0154587714848585,0.1700747054311651,0.5629172790693366
1,0.0,1.0,empirical_percentile,sum,1000,1000,0.087601733568859,0.0410073975511642,0.0850600687361762,0.0901433984015417,-0.0066030507023484,0.0505902187509077,1.8621145865181117
1,0.3,1.0,empirical_percentile,sum,1000,1000,0.0870654624725754,0.0545483487338267,0.0836845207904143,0.0904464041547365,-0.0107735402648334,0.0633691614697936,1.5439529333845785
1,0.6,1.0,empirical_percentile,sum,1000,1000,0.0858233542256565,0.0636879868268232,0.0818759319055707,0.0897707765457423,-0.0087068796534991,0.0780155064332516,1.2116851918411085
1,0.9,1.0,empirical_percentile,sum,1000,1000,0.0856064573144508,0.0709129765598173,0.0812112254912642,0.0900016891376375,-0.0070822296080669,0.0843444421589278,1.0989305821463278
2,0.0,1.0,empirical_percentile,maximum,1000,1000,0.0835473456362161,0.0278428966304024,0.0818216250240456,0.0852730662483866,-0.0005567842719887,0.0354829232352388,2.370270604556033
2,0.3,1.0,empirical_percentile,maximum,1000,1000,0.1069068379744251,0.033880172005673,0.1048069231577235,0.1090067527911267,-0.0037478943238854,0.0464367604925886,2.3829123979475537
2,0.6,1.0,empirical_percentile,maximum,1000,1000,0.1382424343179198,0.0402969109966524,0.135744805898117,0.1407400627377225,-0.0043144960035486,0.0603008951311073,2.364093103618421
2,0.9,1.0,empirical_percentile,maximum,1000,1000,0.1927006648911162,0.0477718325405354,0.1897397360340827,0.1956615937481498,-0.0041559803389339,0.0728766545877964,2.701230542805611
2,0.0,1.0,empirical_percentile,product,1000,1000,0.5765136221213938,0.1242233249600183,0.5688141806716929,0.5842130635710947,-0.0279428117989542,0.1644045271875118,3.676641052779127
2,0.3,1.0,empirical_percentile,product,1000,1000,0.4362742044188116,0.1342875455837661,0.4279509761122192,0.444597432725404,-0.0354471453724451,0.1705665533988194,2.765614596715664
2,0.6,1.0,empirical_percentile,product,1000,1000,0.3339880027910225,0.1346599660884258,0.3256416916224054,0.3423343139596395,-0.022563339502142,0.180792849658651,1.972154003691834
2,0.9,1.0,empirical_percentile,product,1000,1000,0.2513380459184319,0.1352196710750988,0.2429570438753323,0.2597190479615315,-0.0154587714848585,0.1700747054311651,1.5687036865765551
2,0.0,1.0,empirical_percentile,sum,1000,1000,0.1756900714921609,0.0376462540669079,0.1733567324909547,0.1780234104933671,-0.0066030507023484,0.0505902187509077,3.6033274157613393
2,0.3,1.0,empirical_percentile,sum,1000,1000,0.1759387365402174,0.0456981010726583,0.1731063388911874,0.1787711341892474,-0.0107735402648334,0.0633691614697936,2.946421768482001
2,0.6,1.0,empirical_percentile,sum,1000,1000,0.1769542743443518,0.0526212598710325,0.1736927748673662,0.1802157738213373,-0.0087068796534991,0.0780155064332516,2.379798100223814
2,0.9,1.0,empirical_percentile,sum,1000,1000,0.1775875424679697,0.0589518068452156,0.1739336716244313,0.1812414133115082,-0.0070822296080669,0.0843444421589278,2.189471734581738
3,0.0,1.0,empirical_percentile,maximum,1000,1000,0.0891072786254639,0.0260737296788657,0.0874912121170013,0.0907233451339265,-0.0005567842719887,0.0354829232352388,2.526963810253531
3,0.3,1.0,empirical_percentile,maximum,1000,1000,0.1126431398093943,0.033116780958924,0.1105905404599737,0.114695739158815,-0.0037478943238854,0.0464367604925886,2.506441726309826
3,0.6,1.0,empirical_percentile,maximum,1000,1000,0.1430545381857937,0.0401477718380558,0.1405661535068089,0.1455429228647785,-0.0043144960035486,0.0603008951311073,2.443894636537814
3,0.9,1.0,empirical_percentile,maximum,1000,1000,0.1956454044709123,0.0463306775705113,0.1927737993243432,0.1985170096174815,-0.0041559803389339,0.0728766545877964,2.741637715671216
3,0.0,1.0,empirical_percentile,product,1000,1000,0.9843960728898196,0.0842514519976554,0.9791741137938366,0.9896180319858028,-0.0279428117989542,0.1644045271875118,6.157609537930481
3,0.3,1.0,empirical_percentile,product,1000,1000,0.7934039472258793,0.0846001075674081,0.7881603782337975,0.798647516217961,-0.0354471453724451,0.1705665533988194,4.8593999004031065
3,0.6,1.0,empirical_percentile,product,1000,1000,0.6527552789345836,0.0890959856178865,0.6472330525339531,0.6582775053352141,-0.022563339502142,0.180792849658651,3.7353170753808698
3,0.9,1.0,empirical_percentile,product,1000,1000,0.5428956152648425,0.095670521368334,0.5369658949166316,0.5488253356130535,-0.0154587714848585,0.1700747054311651,3.2829948776579574
3,0.0,1.0,empirical_percentile,sum,1000,1000,0.2538727297719443,0.032017016562523,0.2518882945260146,0.2558571650178741,-0.0066030507023484,0.0505902187509077,5.148737975552218
3,0.3,1.0,empirical_percentile,sum,1000,1000,0.2529994695628323,0.0381758336641511,0.2506333068781251,0.2553656322475395,-0.0107735402648334,0.0633691614697936,4.162482250193562
3,0.6,1.0,empirical_percentile,sum,1000,1000,0.2533594440197764,0.0458148328299749,0.2505198112614698,0.2561990767780829,-0.0087068796534991,0.0780155064332516,3.359156860661974
3,0.9,1.0,empirical_percentile,sum,1000,1000,0.255117941580473,0.050588849683111,0.2519824121920253,0.2582534709689207,-0.0070822296080669,0.0843444421589278,3.108683447031207
1,0.0,1.0,p99,maximum,1000,1000,0.1584079308645355,0.1025382948399057,0.1520525415064892,0.1647633202225817,0.0231720832706375,0.1235922181620211,1.094210053068332
1,0.3,1.0,p99,maximum,1000,1000,0.1867218024547354,0.1182630386437297,0.1793917833782521,0.1940518215312186,0.0108712288831707,0.1418452730665612,1.2397351689615088
1,0.6,1.0,p99,maximum,1000,1000,0.2080266768489518,0.1267764167238675,0.2001689931322869,0.2158843605656166,0.0173598697029718,0.16031506051076,1.1893256100738134
1,0.9,1.0,p99,maximum,1000,1000,0.2762317205487901,0.130334921769512,0.2681534784043403,0.2843099626932399,0.011318600790211,0.169788823691063,1.560250633696586
1,0.0,1.0,p99,product,1000,1000,0.4168406873213867,0.3838117610185863,0.393051787912839,0.4406295867299343,0.0065350470573224,0.416984755734395,0.9839823509649231
1,0.3,1.0,p99,product,1000,1000,0.2676054895399331,0.5952630064006458,0.2307107061614507,0.3045002729184155,-0.0353689320278024,0.6379263140285659,0.4749363914061218
1,0.6,1.0,p99,product,1000,1000,0.1189755797370725,0.8169485643562525,0.0683405831234925,0.1696105763506525,-0.0242390784140814,0.884400353125351,0.161934193767622
1,0.9,1.0,p99,product,1000,1000,0.1412917659493338,1.0201713494763451,0.0780608906166734,0.2045226412819941,0.0151001985175886,1.0870208762349856,0.1160893688342245
1,0.0,1.0,p99,sum,1000,1000,0.1624319104958073,0.0859407334464816,0.1571052486508719,0.1677585723407426,0.0127306441319858,0.1038542340991902,1.441455590735406
1,0.3,1.0,p99,sum,1000,1000,0.1651215229018205,0.1095478457760171,0.1583316770756459,0.1719113687279951,8.391902535217933e-06,0.126569753974424,1.3045228090800407
1,0.6,1.0,p99,sum,1000,1000,0.1547484652980062,0.1268069955506714,0.1468888862860202,0.1626080443099922,0.0040928229867307,0.1519057402582175,0.9917705680850696
1,0.9,1.0,p99,sum,1000,1000,0.1531457976973346,0.1430873240720635,0.144277153469354,0.1620144419253153,0.0025887379179523,0.1691926683773824,0.8898556966048105
2,0.0,1.0,p99,maximum,1000,1000,0.2184999986222968,0.1028342516195657,0.2121262656730018,0.2248737315715919,0.0231720832706375,0.1235922181620211,1.580422442904921
2,0.3,1.0,p99,maximum,1000,1000,0.2424936254169098,0.1167700613260168,0.2352561420332778,0.2497311088005419,0.0108712288831707,0.1418452730665612,1.6329229133003942
2,0.6,1.0,p99,maximum,1000,1000,0.2717395003535108,0.1214447747358717,0.2642122752309188,0.2792667254761029,0.0173598697029718,0.16031506051076,1.5867481809886823
2,0.9,1.0,p99,maximum,1000,1000,0.3305004274678521,0.1267198859749445,0.3226462475633061,0.338354607372398,0.011318600790211,0.169788823691063,1.8798753636364425
2,0.0,1.0,p99,product,1000,1000,0.984026961129175,0.3333132685791299,0.9633679907090916,1.0046859315492584,0.0065350470573224,0.416984755734395,2.344191006096351
2,0.3,1.0,p99,product,1000,1000,0.6511445066876108,0.5490046208298612,0.617116847751133,0.6851721656240887,-0.0353689320278024,0.6379263140285659,1.0761641644471678
2,0.6,1.0,p99,product,1000,1000,0.4525190024712325,0.7280671765218575,0.4073929313498605,0.4976450735926044,-0.0242390784140814,0.884400353125351,0.5390749553644065
2,0.9,1.0,p99,product,1000,1000,0.2738144713453634,0.9712807860030616,0.2136138645313293,0.3340150781593974,0.0151001985175886,1.0870208762349856,0.2380030397611678
2,0.0,1.0,p99,sum,1000,1000,0.2974865530464189,0.0794945550865166,0.2925594294755786,0.3024136766172592,0.0127306441319858,0.1038542340991902,2.741880592393231
2,0.3,1.0,p99,sum,1000,1000,0.2997730467923097,0.0994835558861988,0.2936069921161822,0.3059391014684373,8.391902535217933e-06,0.126569753974424,2.3683751091935283
2,0.6,1.0,p99,sum,1000,1000,0.2996671481268707,0.1116933285185381,0.2927443239026159,0.3065899723511255,0.0040928229867307,0.1519057402582175,1.9457745614991693
2,0.9,1.0,p99,sum,1000,1000,0.2986666440893784,0.1257195914829338,0.2908744630797757,0.3064588250989811,0.0025887379179523,0.1691926683773824,1.7499452488746592
3,0.0,1.0,p99,maximum,1000,1000,0.260038724826556,0.0933402952286029,0.2542534333908153,0.2658240162622967,0.0231720832706375,0.1235922181620211,1.9165174400009737
3,0.3,1.0,p99,maximum,1000,1000,0.280023684046102,0.1075752159496375,0.2733561030832696,0.2866912650089345,0.0108712288831707,0.1418452730665612,1.8975073990419888
3,0.6,1.0,p99,maximum,1000,1000,0.2980778737086564,0.1194055343884941,0.2906770420122713,0.3054787054050416,0.0173598697029718,0.16031506051076,1.7510395037828863
3,0.9,1.0,p99,maximum,1000,1000,0.3532968362585902,0.1243505181473428,0.3455895112934632,0.3610041612237172,0.011318600790211,0.169788823691063,2.014138669637178
3,0.0,1.0,p99,product,1000,1000,1.6791134961964636,0.2926886555346298,1.6609724653795388,1.6972545270133883,0.0065350470573224,0.416984755734395,4.011126129043711
3,0.3,1.0,p99,product,1000,1000,1.138188245574432,0.4440810721299233,1.1106638155619106,1.1657126755869536,-0.0353689320278024,0.6379263140285659,1.8396437829803705
3,0.6,1.0,p99,product,1000,1000,0.7681887791755375,0.6217089229189718,0.7296548609092869,0.8067226974417882,-0.0242390784140814,0.884400353125351,0.8960058131922791
3,0.9,1.0,p99,product,1000,1000,0.4752843004563343,0.8366888404040127,0.4234257888573071,0.5271428120553615,0.0151001985175886,1.0870208762349856,0.4233443092028214
3,0.0,1.0,p99,sum,1000,1000,0.4137683162346399,0.0695534015690155,0.4094573517424197,0.41807928072686,0.0127306441319858,0.1038542340991902,3.861543783757786
3,0.3,1.0,p99,sum,1000,1000,0.4129401649548246,0.0846048653760324,0.4076963010707091,0.4181840288389401,8.391902535217933e-06,0.126569753974424,3.26248380901278
3,0.6,1.0,p99,sum,1000,1000,0.4083186959877234,0.1001272970044095,0.4021127418237177,0.4145246501517292,0.0040928229867307,0.1519057402582175,2.661030928218169
3,0.9,1.0,p99,sum,1000,1000,0.4101307064897355,0.1138363955879675,0.4030750535923699,0.4171863593871012,0.0025887379179523,0.1691926683773824,2.408744849763616
