,rho,psi,omega,rho_norm,psi_norm,omega_norm,stress,pi
2004-01-09,0.020000000000000018,0.04999999999999999,5805.316342857142,0.07142857142857148,0.308641975308641,0.7182496652470843,0.015834428246187887,6.28350327229678e-05
2004-01-12,0.06000000000000005,0.010000000000000009,5805.438357142857,0.21428571428571447,0.06172839506172827,0.718264761189268,0.00950085662948766,0.00010053684474474424
2004-01-13,0.0,0.0,5805.479028571428,0.0,0.0,0.7182697931699958,0.0,0.00010053684474474424
2004-01-14,0.020000000000000018,0.010000000000000009,5805.5197,0.07142857142857148,0.06172839506172827,0.7182748251507237,0.0031669965835569784,0.00011310429150489098
2004-01-15,0.050000000000000044,0.020000000000000018,5808.841914285714,0.17857142857142871,0.12345679012345653,0.7186858586168895,0.01584404450213599,0.0001759774839736846
2004-01-16,0.010000000000000009,0.03999999999999998,5812.164128571429,0.03571428571428574,0.24691358024691273,0.7190968920830554,0.006341242434594828,0.00020114114442842598
2004-01-20,0.020000000000000018,0.010000000000000009,5825.452985714286,0.07142857142857148,0.06172839506172827,0.7207410259477185,0.003177870484778296,0.00021375174159024462
2004-01-21,0.020000000000000018,0.010000000000000009,5828.7752,0.07142857142857148,0.06172839506172827,0.7211520594138842,0.0031796828016485146,0.00022636953048567524
2004-01-22,0.040000000000000036,0.0,5829.2629,0.14285714285714296,0.0,0.7212123989959247,0.0,0.00022636953048567524
2004-01-23,0.020000000000000018,0.010000000000000009,5829.7506,0.07142857142857148,0.06172839506172827,0.7212727385779653,0.0031802148967282375,0.00023898943086951744
2004-01-27,0.0,0.009999999999999981,5831.7014,0.0,0.0617283950617281,0.7215140969061273,0.0,0.00023898943086951744
2004-01-28,0.010000000000000009,0.04999999999999999,5832.1891,0.03571428571428574,0.308641975308641,0.7215744364881678,0.00795386283606885,0.0002705523786316954
2004-01-29,0.0,0.05000000000000002,5832.2854,0.0,0.3086419753086412,0.7215863509883739,0.0,0.0002705523786316954
2004-01-30,0.030000000000000027,0.009999999999999981,5832.3817,0.10714285714285723,0.0617283950617281,0.72159826548858,0.004772475300850378,0.000289490772682689
2004-02-02,0.020000000000000018,0.03,5832.6705999999995,0.07142857142857148,0.18518518518518462,0.7216340089891982,0.009545423399327997,0.0003273694369657366
2004-02-03,0.030000000000000027,0.020000000000000018,5832.7669,0.10714285714285723,0.12345679012345653,0.7216459234894043,0.00954558099853708,0.000365248726642471
2004-02-04,0.030000000000000027,0.009999999999999981,5832.8632,0.10714285714285723,0.0617283950617281,0.7216578379896104,0.004772869298873065,0.00038418868417768157
2004-02-05,0.020000000000000018,0.0,5835.4664,0.07142857142857148,0.0,0.7219799130356794,0.0,0.00038418868417768157
2004-02-06,0.040000000000000036,0.010000000000000009,5838.0696,0.14285714285714296,0.06172839506172827,0.7223019880817485,0.006369506067740277,0.00040946450190680963
2004-02-09,0.010000000000000009,0.0,5845.8792,0.03571428571428574,0.0,0.7232682132199557,0.0,0.00040946450190680963
2004-02-10,0.010000000000000009,0.009999999999999981,5848.4824,0.03571428571428574,0.0617283950617281,0.7235902882660247,0.0015952166848898187,0.0004157947268468486
2004-02-11,0.010000000000000009,0.010000000000000009,5851.0856,0.03571428571428574,0.06172839506172827,0.7239123633120939,0.0015959267268785115,0.0004221277694138268
2004-02-12,0.030000000000000027,0.0,5865.037214285715,0.10714285714285723,0.0,0.7256384953087938,0.0,0.0004221277694138268
2004-02-13,0.020000000000000018,0.0,5878.988828571429,0.07142857142857148,0.0,0.7273646273054937,0.0,0.0004221277694138268
2004-02-17,0.0,0.010000000000000009,5934.7952857142855,0.0,0.06172839506172827,0.7342691552922933,0.0,0.0004221277694138268
2004-02-18,0.010000000000000009,0.01999999999999999,5948.7469,0.03571428571428574,0.12345679012345637,0.7359952872889933,0.0032451291326675105,0.0004350052659720312
2004-02-19,0.010000000000000009,0.009999999999999981,5946.714771428571,0.03571428571428574,0.0617283950617281,0.7357438667668431,0.0016220102882866848,0.0004414418147350736
2004-02-20,0.020000000000000018,0.01999999999999999,5944.682642857143,0.07142857142857148,0.12345679012345637,0.7354924462446931,0.0064858240409584765,0.00046717921172300406
2004-02-24,0.010000000000000009,0.01999999999999999,5936.554128571429,0.03571428571428574,0.12345679012345637,0.7344867641560928,0.0032384777961026938,0.00048003031408849094
2004-02-25,0.030000000000000027,0.020000000000000018,5934.522,0.10714285714285723,0.12345679012345653,0.7342353436339426,0.009712107720025684,0.0005185704240885929
2004-02-26,0.040000000000000036,0.020000000000000018,5934.9965,0.14285714285714296,0.12345679012345653,0.734294050075768,0.012950512347015289,0.0005699613461005583
2004-02-27,0.050000000000000044,0.020000000000000018,5935.471,0.17857142857142871,0.12345679012345653,0.7343527565175934,0.016189434667495423,0.0006342051344636353
2004-03-01,0.020000000000000018,0.0,5936.8945,0.07142857142857148,0.0,0.7345288758430695,0.0,0.0006342051344636353
2004-03-02,0.030000000000000027,0.0,5937.369,0.10714285714285723,0.0,0.7345875822848947,0.0,0.0006342051344636353
2004-03-03,0.040000000000000036,0.009999999999999981,5937.8435,0.14285714285714296,0.0617283950617281,0.7346462887267201,0.006478362334450769,0.0006599129215051066
2004-03-04,0.050000000000000044,0.0,5940.841385714286,0.17857142857142871,0.0,0.7350171953722097,0.0,0.0006599129215051066
2004-03-05,0.040000000000000036,0.010000000000000009,5943.839271428571,0.14285714285714296,0.06172839506172827,0.7353881020176992,0.0064849038978632995,0.0006856466671315483
2004-03-08,0.0,0.010000000000000009,5952.832928571429,0.0,0.06172839506172827,0.7365008219541679,0.0,0.0006856466671315483
2004-03-09,0.0,0.0,5955.830814285714,0.0,0.0,0.7368717285996573,0.0,0.0006856466671315483
2004-03-10,0.0,0.0,5958.8287,0.0,0.0,0.7372426352451469,0.0,0.0006856466671315483
2004-03-11,0.010000000000000009,0.01999999999999999,5959.865614285714,0.03571428571428574,0.12345679012345637,0.7373709251254255,0.003251194555226735,0.0006985482328268924
2004-03-12,0.010000000000000009,0.01999999999999999,5960.902528571429,0.03571428571428574,0.12345679012345637,0.737499215005704,0.003251760207256182,0.0007114520431731471
2004-03-15,0.050000000000000044,0.0,5964.013271428571,0.17857142857142871,0.0,0.7378840846465395,0.0,0.0007114520431731471
2004-03-16,0.020000000000000018,0.0,5965.050185714285,0.07142857142857148,0.0,0.7380123745268181,0.0,0.0007114520431731471
2004-03-17,0.010000000000000009,0.01999999999999999,5966.0871,0.03571428571428574,0.12345679012345637,0.7381406644070967,0.003254588467403416,0.0007243670767739543
2004-03-18,0.010000000000000009,0.03,5970.601214285714,0.03571428571428574,0.18518518518518462,0.7386991630113271,0.004885576474942629,0.0007437542850078537
2004-03-19,0.0,0.01999999999999999,5975.115328571428,0.0,0.12345679012345637,0.7392576616155574,0.0,0.0007437542850078537
2004-03-22,0.010000000000000009,0.010000000000000009,5988.657671428572,0.03571428571428574,0.06172839506172827,0.7409331574282485,0.0016334505234308805,0.0007502362315294049
2004-03-23,0.010000000000000009,0.009999999999999981,5993.171785714286,0.03571428571428574,0.0617283950617281,0.7414916560324788,0.0016346817813767103,0.0007567230639951854
2004-03-24,0.0,0.0,5997.6859,0.0,0.0,0.7420501546367092,0.0,0.0007567230639951854
2004-03-25,0.030000000000000027,0.0,6000.624971428571,0.10714285714285723,0.0,0.7424137846174088,0.0,0.0007567230639951854
2004-03-26,0.010000000000000009,0.010000000000000009,6003.564042857143,0.03571428571428574,0.06172839506172827,0.7427774145981085,0.0016375163461157573,0.00076322114473374
2004-03-29,0.010000000000000009,0.010000000000000009,6012.381257142857,0.03571428571428574,0.06172839506172827,0.7438683045402076,0.00163992130630557,0.0007697287689651113
2004-03-30,0.040000000000000036,0.009999999999999981,6015.320328571429,0.14285714285714296,0.0617283950617281,0.7442319345209073,0.00656289183880868,0.0007957719905476855
2004-03-31,0.050000000000000044,0.010000000000000009,6018.2594,0.17857142857142871,0.06172839506172827,0.7445955645016069,0.008207623065493892,0.0008283419233472644
2004-04-01,0.030000000000000027,0.0,6016.458314285715,0.10714285714285723,0.0,0.7443727292356256,0.0,0.0008283419233472644
2004-04-02,0.0,0.0,6014.657228571428,0.0,0.0,0.744149893969644,0.0,0.0008283419233472644
2004-04-05,0.040000000000000036,0.04999999999999999,6009.253971428571,0.14285714285714296,0.308641975308641,0.7434813881716997,0.032781366321503434,0.0009584267103373574
2004-04-06,0.030000000000000027,0.04999999999999999,6007.452885714285,0.10714285714285723,0.308641975308641,0.7432585529057182,0.02457865585005676,0.0010559610589486938
2004-04-07,0.0,0.03,6005.6518,0.0,0.18518518518518462,0.7430357176397367,0.0,0.0010559610589486938
2004-04-08,0.020000000000000018,0.03,6009.269214285714,0.07142857142857148,0.18518518518518462,0.7434832740598053,0.009834434842060895,0.0010949865940362371
2004-04-13,0.020000000000000018,0.010000000000000009,6027.356285714285,0.07142857142857148,0.06172839506172827,0.7457210561601477,0.0032880117114644915,0.0011080342595579215
2004-04-14,0.0,0.009999999999999981,6030.9737,0.0,0.0617283950617281,0.7461686125802163,0.0,0.0011080342595579215
2004-04-15,0.020000000000000018,0.0,6033.373642857143,0.07142857142857148,0.0,0.7464655400949203,0.0,0.0011080342595579215
2004-04-20,0.040000000000000036,0.01999999999999999,6045.373357142857,0.14285714285714296,0.12345679012345637,0.7479501776684402,0.013191361158173515,0.0011603809308205148
2004-04-21,0.0,0.010000000000000009,6047.7733,0.0,0.06172839506172827,0.7482471051831442,0.0,0.0011603809308205148
2004-04-22,0.010000000000000009,0.0,6047.8685857142855,0.03571428571428574,0.0,0.748258894193139,0.0,0.0011603809308205148
2004-04-23,0.0,0.020000000000000018,6047.963871428571,0.0,0.12345679012345653,0.7482706832031336,0.0,0.0011603809308205148
2004-04-26,0.020000000000000018,0.010000000000000009,6048.249728571429,0.07142857142857148,0.06172839506172827,0.7483060502331179,0.0032994093925622437,0.0011734738252354444
2004-04-27,0.010000000000000009,0.010000000000000009,6048.345014285715,0.03571428571428574,0.06172839506172827,0.7483178392431127,0.0016497306861620626,0.0011800203755773573
2004-04-28,0.020000000000000018,0.01999999999999999,6048.4403,0.07142857142857148,0.12345679012345637,0.7483296282531073,0.0065990267041720055,0.0012062069894828017
2004-04-29,0.040000000000000036,0.010000000000000009,6050.4244285714285,0.14285714285714296,0.06172839506172827,0.7485751100835659,0.006601191446945016,0.0012324021936373454
2004-04-30,0.040000000000000036,0.010000000000000009,6052.408557142858,0.14285714285714296,0.06172839506172827,0.7488205919140246,0.00660335618971802,0.0012586059880409883
2004-05-04,0.030000000000000027,0.010000000000000009,6060.345071428572,0.10714285714285723,0.06172839506172827,0.7498025192358589,0.004959011370607527,0.0012782846045910183
2004-05-05,0.040000000000000036,0.0,6062.3292,0.14285714285714296,0.0,0.7500480010663175,0.0,0.0012782846045910183
2004-05-06,0.030000000000000027,0.03,6061.876528571429,0.10714285714285723,0.18518518518518462,0.7499919953152376,0.014880793557841984,0.0013373353726776928
2004-05-07,0.040000000000000036,0.07999999999999999,6061.423857142857,0.14285714285714296,0.49382716049382563,0.7499359895641576,0.0529055371826565,0.0015472779805453772
2004-05-11,0.040000000000000036,0.010000000000000009,6059.613171428571,0.14285714285714296,0.06172839506172827,0.7497119665598379,0.006611216636330131,0.001573512967197481
2004-05-12,0.010000000000000009,0.010000000000000009,6059.1605,0.03571428571428574,0.06172839506172827,0.749655960808758,0.0016526806896136617,0.001580071223902297
2004-05-13,0.010000000000000009,0.07,6059.998857142858,0.03571428571428574,0.4320987654320975,0.7497596846545662,0.011570365503928466,0.00162598537272741
2004-05-14,0.030000000000000027,0.14999999999999997,6060.837214285714,0.10714285714285723,0.925925925925923,0.7498634085003745,0.07439121116075126,0.0019211885916192801
2004-05-17,0.07000000000000006,0.03999999999999998,6063.352285714286,0.2500000000000002,0.24691358024691273,0.7501745800377992,0.04630707284183934,0.002104946817182135
2004-05-18,0.0,0.01999999999999999,6064.190642857143,0.0,0.12345679012345637,0.7502783038836075,0.0,0.002104946817182135
2004-05-19,0.020000000000000018,0.03,6065.029,0.07142857142857148,0.18518518518518462,0.7503820277294158,0.009925688197479021,0.0021443344687594327
2004-05-20,0.020000000000000018,0.0,6066.028914285715,0.07142857142857148,0.0,0.750505739868182,0.0,0.0021443344687594327
2004-05-21,0.030000000000000027,0.019999999999999962,6067.028828571429,0.10714285714285723,0.1234567901234562,0.7506294520069484,0.009928961005382876,0.002183735107669682
2004-05-24,0.0,0.020000000000000018,6070.028571428572,0.0,0.12345679012345653,0.7510005884232475,0.0,0.002183735107669682
2004-05-25,0.0,0.010000000000000009,6071.028485714286,0.0,0.06172839506172827,0.7511243005620138,0.0,0.002183735107669682
2004-05-26,0.0,0.010000000000000009,6072.0284,0.0,0.06172839506172827,0.7512480127007801,0.0,0.002183735107669682
2004-05-27,0.010000000000000009,0.0,6071.624928571428,0.03571428571428574,0.0,0.751198094108684,0.0,0.002183735107669682
2004-05-28,0.030000000000000027,0.020000000000000018,6071.221457142858,0.10714285714285723,0.12345679012345653,0.7511481755165879,0.00993582242746808,0.0022231629744453494
2004-06-01,0.020000000000000018,0.05000000000000002,6069.607571428572,0.07142857142857148,0.3086419753086412,0.7509485011482032,0.016555302053531788,0.00228885861751492
2004-06-02,0.040000000000000036,0.04999999999999999,6069.2041,0.14285714285714296,0.308641975308641,0.7508985825561071,0.033108403110939384,0.002420241169542457
2004-06-03,0.030000000000000027,0.060000000000000026,6071.801214285714,0.10714285714285723,0.37037037037036946,0.751219904660908,0.02981031367702011,0.0025385360650861874
2004-06-04,0.030000000000000027,0.06,6074.3983285714285,0.10714285714285723,0.37037037037036924,0.7515412267657091,0.029823064554194742,0.002656881559348865
2004-06-08,0.020000000000000018,0.01999999999999999,6084.7867857142855,0.07142857142857148,0.12345679012345637,0.7528265151849133,0.006638681791754068,0.0026832255347129684
2004-06-09,0.0,0.010000000000000009,6087.3839,0.0,0.06172839506172827,0.7531478372897142,0.0,0.0026832255347129684
2004-06-10,0.010000000000000009,0.009999999999999981,6090.006685714286,0.03571428571428574,0.0617283950617281,0.7534723355340897,0.0016610942141404026,0.0026898171784198745
2004-06-14,0.030000000000000027,0.03,6100.497828571429,0.10714285714285723,0.18518518518518462,0.754770328511591,0.014975601756182328,0.0027492441695158363
2004-06-15,0.030000000000000027,0.07999999999999999,6103.1206142857145,0.10714285714285723,0.49382716049382563,0.7550948267559663,0.03995210723576532,0.00290778427759427
2004-06-16,0.0,0.07,6105.7434,0.0,0.4320987654320975,0.7554193250003417,0.0,0.00290778427759427
2004-06-17,0.010000000000000009,0.09999999999999998,6107.432371428572,0.03571428571428574,0.617283950617282,0.7556282891793008,0.01665847198367061,0.0029738893251485187
2004-06-21,0.0,0.09999999999999998,6114.188257142858,0.0,0.617283950617282,0.7564641458951374,0.0,0.0029738893251485187
2004-06-22,0.010000000000000009,0.020000000000000018,6115.8772285714285,0.03571428571428574,0.12345679012345653,0.7566731100740965,0.00333630119080289,0.0029871286155882127
2004-06-23,0.020000000000000018,0.04999999999999999,6117.5662,0.07142857142857148,0.308641975308641,0.7568820742530558,0.0166861127480832,0.003053343348715527
2004-06-24,0.030000000000000027,0.030000000000000027,6119.355614285714,0.10714285714285723,0.18518518518518481,0.7571034654978729,0.01502189415670381,0.003112954039813558
2004-06-25,0.050000000000000044,0.010000000000000009,6121.145028571429,0.17857142857142871,0.06172839506172827,0.7573248567426901,0.008347937133407066,0.003146080774469935
2004-06-28,0.07000000000000006,0.009999999999999981,6126.513271428571,0.2500000000000002,0.0617283950617281,0.7579890304771415,0.011697361581437324,0.0031924988759835754
2004-06-29,0.09999999999999987,0.020000000000000018,6128.302685714286,0.35714285714285665,0.12345679012345653,0.7582104217219587,0.033430794608551855,0.0033251607593508445
2004-06-30,0.32999999999999985,0.0,6130.0921,1.178571428571428,0.0,0.758431812966776,0.0,0.0033251607593508445
2004-07-01,0.34999999999999987,0.07,6129.685242857143,1.2499999999999993,0.4320987654320975,0.7583814754848194,0.4096196241044535,0.004950635458178041
2004-07-02,0.19999999999999996,0.030000000000000027,6129.278385714286,0.7142857142857141,0.18518518518518481,0.7583311380028629,0.10030835158768003,0.005348684472414866
2004-07-06,0.09999999999999987,0.020000000000000018,6127.650957142857,0.35714285714285665,0.12345679012345653,0.7581297880750367,0.033427239333114374,0.005481332247546273
2004-07-07,0.010000000000000009,0.0,6127.2441,0.03571428571428574,0.0,0.7580794505930802,0.0,0.005481332247546273
2004-07-08,0.010000000000000009,0.06,6130.3998142857145,0.03571428571428574,0.37037037037036924,0.7584698842224411,0.010032670426222743,0.005521144431777316
2004-07-09,0.010000000000000009,0.010000000000000009,6133.555528571428,0.03571428571428574,0.06172839506172827,0.758860317851802,0.0016729724820365981,0.0055277832114679374
2004-07-13,0.020000000000000018,0.020000000000000018,6146.1783857142855,0.07142857142857148,0.12345679012345653,0.7604220523692454,0.00670566183747129,0.005554392980664252
2004-07-14,0.0,0.010000000000000009,6149.3341,0.0,0.06172839506172827,0.7608124859986064,0.0,0.005554392980664252
2004-07-15,0.06000000000000005,0.040000000000000036,6148.514657142857,0.21428571428571447,0.24691358024691307,0.7607111022801194,0.04024926467090574,0.005714112284913878
2004-07-16,0.0,0.030000000000000027,6147.695214285714,0.0,0.18518518518518481,0.7606097185616325,0.0,0.005714112284913878
2004-07-19,0.010000000000000009,0.019999999999999962,6145.236885714286,0.03571428571428574,0.1234567901234562,0.7603055674061715,0.003352317316605681,0.005727415131408345
2004-07-20,0.050000000000000044,0.009999999999999953,6144.417442857143,0.17857142857142871,0.06172839506172793,0.7602041836876846,0.008379675746116396,0.005760667812940552
2004-07-21,0.010000000000000009,0.030000000000000027,6143.598,0.03571428571428574,0.18518518518518481,0.7601027999691976,0.005027134920431195,0.005780616761037502
2004-07-22,0.020000000000000018,0.020000000000000018,6140.611942857143,0.07142857142857148,0.12345679012345653,0.7597333567870178,0.00669958868418886,0.005807202430419204
2004-07-23,0.010000000000000009,0.0,6137.625885714286,0.03571428571428574,0.0,0.7593639136048379,0.0,0.005807202430419204
2004-07-26,0.020000000000000018,0.06999999999999998,6128.667714285714,0.07142857142857148,0.43209876543209735,0.7582555840582984,0.023402950125256065,0.005900071280122601
2004-07-27,0.010000000000000009,0.05999999999999997,6125.681657142857,0.03571428571428574,0.3703703703703691,0.7578861408761186,0.010024948953387784,0.0059398528235884256
2004-07-28,0.040000000000000036,0.07,6122.6956,0.14285714285714296,0.4320987654320975,0.7575166976939387,0.04676028998110723,0.006125409529862661
2004-07-29,0.050000000000000044,0.04999999999999999,6122.656285714285,0.17857142857142871,0.308641975308641,0.7575118336226485,0.04174999083017233,0.006291084096649059
2004-07-30,0.040000000000000036,0.02999999999999997,6122.616971428572,0.14285714285714296,0.18518518518518445,0.7575069695513584,0.020039866919348042,0.006370607378075044
2004-08-02,0.010000000000000009,0.020000000000000018,6122.499028571428,0.03571428571428574,0.12345679012345653,0.7574923773374878,0.0033399134803240153,0.006383861002996965
2004-08-03,0.06000000000000005,0.009999999999999981,6122.459714285715,0.21428571428571447,0.0617283950617281,0.7574875132661977,0.010019676101404692,0.006423621622446984
2004-08-04,0.07000000000000006,0.010000000000000009,6122.4204,0.2500000000000002,0.06172839506172827,0.7574826491949075,0.011689547055476954,0.006470008713936971
2004-08-05,0.010000000000000009,0.010000000000000009,6126.6512999999995,0.03571428571428574,0.06172839506172827,0.7580061077506901,0.0016710893028013425,0.00647664002069412
2004-08-06,0.030000000000000027,0.019999999999999962,6130.8822,0.10714285714285723,0.1234567901234562,0.758529566306473,0.010033459871778703,0.006516455337645622
2004-08-09,0.13000000000000012,0.03,6143.5749,0.46428571428571463,0.18518518518518462,0.760099941973821,0.06535250823848975,0.006775790687798359
2004-08-10,0.1299999999999999,0.03999999999999998,6147.8058,0.46428571428571386,0.24691358024691273,0.7606234005296039,0.08719668612773199,0.0071218092835433275
2004-08-11,0.17999999999999994,0.04999999999999999,6152.0367,0.6428571428571426,0.308641975308641,0.7611468590853865,0.1510212021994809,0.007721099768461902
2004-08-12,0.18999999999999995,0.03999999999999998,6154.515457142857,0.6785714285714283,0.24691358024691273,0.7614535377197518,0.12758039873611313,0.008227371192017906
2004-08-13,0.15999999999999992,0.010000000000000009,6156.994214285714,0.5714285714285711,0.06172839506172827,0.7617602163541172,0.02686984890137972,0.008333997576547191
2004-08-16,0.07000000000000006,0.07,6164.430485714285,0.2500000000000002,0.4320987654320975,0.762680252257213,0.08238829885494568,0.008660935270416023
2004-08-17,0.31000000000000005,0.07,6166.909242857143,1.1071428571428572,0.4320987654320975,0.7629869308915783,0.36500917990183424,0.010109384397010602
2004-08-18,0.09000000000000008,0.019999999999999962,6169.388,0.3214285714285717,0.1234567901234562,0.7632936095259436,0.030289428949442084,0.010229580543635373
2004-08-19,0.020000000000000018,0.010000000000000009,6171.406685714285,0.07142857142857148,0.06172839506172827,0.7635433668609265,0.0033665933283109585,0.01024294004096994
2004-08-20,0.020000000000000018,0.02999999999999997,6173.425371428571,0.07142857142857148,0.18518518518518445,0.7637931241959095,0.010103083653385013,0.010283031642769086
2004-08-23,0.1200000000000001,0.01999999999999999,6179.481428571428,0.42857142857142894,0.12345679012345637,0.7645423962008582,0.04045197863496594,0.010443555367511015
2004-08-24,0.010000000000000009,0.030000000000000027,6181.5001142857145,0.03571428571428574,0.18518518518518481,0.7647921535358412,0.005058149163596827,0.010463627388001478
2004-08-25,0.050000000000000044,0.020000000000000018,6183.5188,0.17857142857142871,0.12345679012345653,0.7650419108708241,0.016866003326076347,0.010530555972628764
2004-08-26,0.050000000000000044,0.02999999999999997,6184.448642857143,0.17857142857142871,0.18518518518518445,0.7651569535802015,0.025302809311514518,0.010630963946087155
2004-08-27,0.020000000000000018,0.020000000000000018,6185.3784857142855,0.07142857142857148,0.12345679012345653,0.7652719962895789,0.006748430302377229,0.01065774343141405
2004-08-31,0.0,0.009999999999999981,6189.097857142857,0.0,0.0617283950617281,0.7657321671270885,0.0,0.01065774343141405
2004-09-01,0.010000000000000009,0.0,6190.0277,0.03571428571428574,0.0,0.7658472098364659,0.0,0.01065774343141405
2004-09-02,0.010000000000000009,0.020000000000000018,6191.5879428571425,0.03571428571428574,0.12345679012345653,0.7660402473633917,0.0033776025016022514,0.010671146615944217
2004-09-03,0.040000000000000036,0.06,6193.148185714285,0.14285714285714296,0.37037037037036924,0.7662332848903175,0.04054144364499025,0.010832025360567194
2004-09-07,0.030000000000000027,0.010000000000000009,6199.389157142858,0.10714285714285723,0.06172839506172827,0.7670054349980208,0.005072787268505422,0.01085215546877555
2004-09-08,0.030000000000000027,0.010000000000000009,6200.9494,0.10714285714285723,0.06172839506172827,0.7671984725249466,0.005074063971725831,0.010872290643266525
2004-09-09,0.010000000000000009,0.020000000000000018,6205.709771428572,0.03571428571428574,0.12345679012345653,0.7677874387385156,0.003385306167277401,0.010885724397898578
2004-09-10,0.0,0.03999999999999998,6210.470142857143,0.0,0.24691358024691273,0.7683764049520847,0.0,0.010885724397898578
2004-09-14,0.09000000000000008,0.03,6229.511628571428,0.3214285714285717,0.18518518518518462,0.7707322698063609,0.04587692082180709,0.011067775671000988
2004-09-15,0.09000000000000008,0.010000000000000009,6234.272,0.3214285714285717,0.06172839506172827,0.77132123601993,0.015303992778173195,0.011128505801073104
2004-09-16,0.13000000000000012,0.010000000000000009,6235.471771428572,0.46428571428571463,0.06172839506172827,0.7714696750327333,0.02211002155076173,0.011216243981830095
2004-09-17,0.10000000000000009,0.009999999999999981,6236.671542857142,0.35714285714285743,0.0617283950617281,0.7716181140455365,0.01701098135021017,0.011283747876076961
2004-09-20,0.06999999999999984,0.01999999999999999,6240.2708571428575,0.24999999999999942,0.12345679012345637,0.7720634310839464,0.02382911824333154,0.011378307869106055
2004-09-21,0.08999999999999986,0.010000000000000009,6241.470628571428,0.3214285714285709,0.06172839506172827,0.7722118700967496,0.015321664089221166,0.011439108123428361
2004-09-22,0.19999999999999996,0.010000000000000009,6242.6704,0.7142857142857141,0.06172839506172827,0.7723603091095529,0.0340546873505093,0.011574245771644669
2004-09-23,0.21999999999999997,0.010000000000000009,6241.658471428572,0.7857142857142856,0.06172839506172827,0.772235110530396,0.03745408384406674,0.011722873088486203
2004-09-24,0.17999999999999994,0.03,6240.646542857143,0.6428571428571426,0.18518518518518462,0.7721099119512389,0.09191784666086145,0.012087626448251525
2004-09-27,0.020000000000000018,0.03,6237.610757142857,0.07142857142857148,0.18518518518518462,0.7717343162137681,0.010208125875843469,0.012128134884266777
2004-09-28,0.08000000000000007,0.04999999999999999,6236.598828571428,0.2857142857142859,0.308641975308641,0.771609117634611,0.06804313206654401,0.012398147313102268
2004-09-29,0.0,0.06,6235.5869,0.0,0.37037037037036924,0.7714839190554541,0.0,0.012398147313102268
2004-09-30,0.17999999999999994,0.08000000000000002,6235.810685714286,0.6428571428571426,0.4938271604938258,0.7715116064379979,0.24492431950412552,0.013370069215896417
2004-10-01,0.10000000000000009,0.09999999999999998,6236.034471428572,0.35714285714285743,0.617283950617282,0.7715392938205419,0.17009243690929013,0.014045039203631695
2004-10-04,0.010000000000000009,0.09000000000000002,6236.705828571428,0.03571428571428574,0.555555555555554,0.7716223559681733,0.01530996738032087,0.014105793042442492
2004-10-05,0.20999999999999996,0.07,6236.929614285715,0.7499999999999998,0.4320987654320975,0.7716500433507172,0.25007177330810204,0.015098141349220676
2004-10-06,0.1200000000000001,0.03999999999999998,6237.1534,0.42857142857142894,0.24691358024691273,0.7716777307332611,0.0816590191252126,0.015422185075908028
2004-10-07,0.10000000000000009,0.04999999999999999,6240.767014285714,0.35714285714285743,0.308641975308641,0.7721248170069039,0.08511076025208357,0.015759926188019472
2004-10-08,0.15000000000000013,0.030000000000000027,6244.380628571429,0.5357142857142861,0.18518518518518481,0.7725719032805469,0.07664403802386369,0.016064069196050676
2004-10-12,0.020000000000000018,0.010000000000000009,6258.835085714286,0.07142857142857148,0.06172839506172827,0.7743602483751186,0.0034142868094140986,0.01607761795323089
2004-10-13,0.020000000000000018,0.020000000000000018,6262.4487,0.07142857142857148,0.12345679012345653,0.7748073346487615,0.006832516178560497,0.01610473111266962
2004-10-14,0.06000000000000005,0.030000000000000027,6262.951428571429,0.21428571428571447,0.18518518518518481,0.7748695336068911,0.03074879101614644,0.016226750124638457
2004-10-15,0.08000000000000007,0.040000000000000036,6263.454157142857,0.2857142857142859,0.24691358024691307,0.7749317325650208,0.054668905295592214,0.016443690225017793
2004-10-19,0.050000000000000044,0.08000000000000002,6265.465071428572,0.17857142857142871,0.4938271604938258,0.7751805283975394,0.06835807128726083,0.016714952412665653
2004-10-20,0.050000000000000044,0.08000000000000002,6265.9678,0.17857142857142871,0.4938271604938258,0.775242727355669,0.06836355620420348,0.016986236365856937
2004-10-21,0.030000000000000027,0.07,6266.078628571428,0.10714285714285723,0.4320987654320975,0.7752564393705924,0.035891501822712536,0.01712866296039151
2004-10-22,0.07000000000000006,0.04999999999999999,6266.1894571428575,0.2500000000000002,0.308641975308641,0.7752701513855159,0.05982022773036375,0.01736604481646438
2004-10-25,0.020000000000000018,0.06,6266.521942857143,0.07142857142857148,0.37037037037036924,0.7753112874302861,0.020510880619848793,0.017447437199876476
2004-10-26,0.040000000000000036,0.04999999999999999,6266.632771428572,0.14285714285714296,0.308641975308641,0.7753249994452095,0.03418540561927723,0.017583093571381544
2004-10-27,0.050000000000000044,0.04999999999999999,6266.7436,0.17857142857142871,0.308641975308641,0.7753387114601329,0.04273251275684144,0.01775266703470234
2004-10-28,0.07000000000000006,0.0,6267.280085714286,0.2500000000000002,0.0,0.775405086944592,0.0,0.01775266703470234
2004-10-29,0.07000000000000006,0.0,6267.8165714285715,0.2500000000000002,0.0,0.7754714624290512,0.0,0.01775266703470234
2004-11-01,0.06000000000000005,0.01999999999999999,6269.426028571428,0.21428571428571447,0.12345679012345637,0.7756705888824285,0.020520385949270543,0.01783409713767564
2004-11-02,0.050000000000000044,0.010000000000000009,6269.962514285714,0.17857142857142871,0.06172839506172827,0.7757369643668875,0.008550892464361625,0.017868029250629455
2004-11-03,0.06000000000000005,0.030000000000000027,6270.499,0.21428571428571447,0.18518518518518481,0.7758033398513466,0.03078584681949785,0.017990195309436987
2004-11-04,0.020000000000000018,0.019999999999999962,6271.999814285714,0.07142857142857148,0.1234567901234562,0.7759890247123686,0.006842936725858602,0.018017349820253888
2004-11-05,0.030000000000000027,0.06999999999999998,6273.500628571429,0.10714285714285723,0.43209876543209735,0.7761747095733909,0.03593401433210134,0.018159945115222544
2004-11-08,0.07000000000000006,0.0,6278.003071428571,0.2500000000000002,0.0,0.7767317641564568,0.0,0.018159945115222544
2004-11-09,0.020000000000000018,0.01999999999999999,6279.503885714286,0.07142857142857148,0.12345679012345637,0.776917449017479,0.0068511238890430065,0.018187132114782237
2004-11-10,0.15999999999999992,0.040000000000000036,6281.0047,0.5714285714285711,0.24691358024691307,0.7771031338785009,0.10964418114687813,0.018622228071714292
2004-11-12,0.26,0.01999999999999999,6284.4051,0.9285714285714285,0.12345679012345637,0.7775238406957463,0.08913412635841857,0.018975934922342938
2004-11-15,0.14000000000000012,0.010000000000000009,6289.505700000001,0.5000000000000004,0.06172839506172827,0.7781549009216144,0.024017126571654737,0.019071240980166965
2004-11-16,0.06000000000000005,0.020000000000000018,6291.2059,0.21428571428571447,0.12345679012345653,0.7783652543302371,0.02059167339497979,0.01915295396982958
2004-11-17,0.030000000000000027,0.0,6292.9061,0.10714285714285723,0.0,0.7785756077388598,0.0,0.01915295396982958
2004-11-19,0.030000000000000027,0.0,6299.0854714285715,0.10714285714285723,0.0,0.7793401365255589,0.0,0.01915295396982958
2004-11-22,0.019999999999999796,0.009999999999999981,6308.354528571429,0.07142857142857069,0.0617283950617281,0.7804869297056075,0.0034413003955273175,0.019166609923780088
2004-11-23,0.010000000000000009,0.020000000000000018,6311.444214285714,0.03571428571428574,0.12345679012345653,0.780869194098957,0.0034429858646338445,0.019180272566100064
2004-11-24,0.030000000000000027,0.0,6314.5339,0.10714285714285723,0.0,0.7812514584923066,0.0,0.019180272566100064
2004-11-26,0.019999999999999796,0.010000000000000009,6320.698585714286,0.07142857142857069,0.06172839506172827,0.7820141703221429,0.0034480342606795994,0.01919395524173768
2004-11-29,0.009999999999999787,0.0,6329.945614285714,0.03571428571428495,0.0,0.7831582380668973,0.0,0.01919395524173768
2004-11-30,0.0,0.010000000000000009,6333.027957142857,0.0,0.06172839506172827,0.7835395939818155,0.0,0.01919395524173768
2004-12-01,0.03000000000000025,0.0,6336.1103,0.10714285714285803,0.0,0.7839209498967337,0.0,0.01919395524173768
2004-12-03,0.029999999999999805,0.030000000000000027,6337.836414285714,0.10714285714285643,0.18518518518518481,0.7841345094918827,0.015558224394680078,0.019255694227430856
2004-12-06,0.0,0.01999999999999999,6340.425585714286,0.0,0.12345679012345637,0.7844548488846063,0.0,0.019255694227430856
2004-12-07,0.010000000000000009,0.01999999999999999,6341.288642857143,0.03571428571428574,0.12345679012345637,0.7845616286821806,0.003459266440397613,0.01926942147521021
2004-12-08,0.029999999999999805,0.020000000000000018,6342.1517,0.10714285714285643,0.12345679012345653,0.7846684084797552,0.010379211752377623,0.019310608823433932
2004-12-09,0.06999999999999984,0.010000000000000009,6344.7181,0.24999999999999942,0.06172839506172827,0.7849859305288608,0.012113980409395946,0.01935868017426487
2004-12-10,0.10999999999999988,0.0,6347.284500000001,0.39285714285714235,0.0,0.7853034525779664,0.0,0.01935868017426487
2004-12-13,0.17000000000000037,0.060000000000000026,6354.9837,0.6071428571428584,0.37037037037036946,0.7862560187252831,0.17680360209430962,0.02006028176987721
2004-12-14,0.1900000000000004,0.08000000000000002,6357.5501,0.6785714285714299,0.4938271604938258,0.7865735407743887,0.2635784351801301,0.02110622794122693
2004-12-15,0.2200000000000002,0.07,6360.1165,0.7857142857142864,0.4320987654320975,0.7868910628234942,0.26715437318081536,0.022166364342738103
2004-12-16,0.16999999999999993,0.07999999999999996,6363.073071428572,0.6071428571428569,0.49382716049382547,0.7872568579522065,0.2360382113789675,0.02310302391170226
2004-12-17,0.14000000000000012,0.08999999999999997,6366.029642857143,0.5000000000000004,0.5555555555555537,0.7876226530809186,0.21878407030025462,0.023971214666862
2004-12-20,0.050000000000000266,0.04999999999999999,6374.899357142857,0.17857142857142952,0.308641975308641,0.7887200384670553,0.04347001975678225,0.02414371474526193
2004-12-21,0.019999999999999574,0.03999999999999998,6377.855928571428,0.0714285714285699,0.24691358024691273,0.7890858335957674,0.013916857735374741,0.024198940371195955
2004-12-22,0.020000000000000018,0.04999999999999999,6380.8125,0.07142857142857148,0.308641975308641,0.7894516287244797,0.017404136435724818,0.024268004404671053
2004-12-23,0.10999999999999988,0.050000000000000044,6383.490042857143,0.39285714285714235,0.30864197530864135,0.7897829016727995,0.09576291797178975,0.024648015983924187
2004-12-29,0.040000000000000036,0.010000000000000009,6399.5553,0.14285714285714296,0.06172839506172827,0.7917705393627185,0.006982103521717084,0.024675722743931
2004-12-30,0.029999999999999805,0.020000000000000018,6407.9874,0.10714285714285643,0.12345679012345653,0.7928137819087998,0.010486954787153346,0.02471733764388002
2005-01-05,0.28,0.07,6458.58,1.0,0.4320987654320975,0.7990732371852879,0.34527855927759254,0.026087490656886342
2005-01-06,0.28,0.03999999999999998,6461.312814285714,1.0,0.24691358024691273,0.7994113484663918,0.19738551813984917,0.026870766522520663
2005-01-07,0.27000000000000024,0.04999999999999999,6464.045628571429,0.9642857142857151,0.308641975308641,0.7997494597474958,0.23802067254389703,0.027815293000869462
2005-01-11,0.009999999999999787,0.04999999999999999,6474.976885714286,0.03571428571428495,0.308641975308641,0.8011019048719112,0.008830488369399156,0.02785033462138295
2005-01-12,0.009999999999999787,0.040000000000000036,6477.7097,0.03571428571428495,0.24691358024691307,0.8014400161530152,0.007067372276481449,0.027878379749464225
2005-01-13,0.04999999999999982,0.009999999999999953,6481.942642857143,0.1785714285714279,0.06172839506172793,0.8019637274566883,0.008839988177432532,0.02791345906762864
2005-01-14,0.04999999999999982,0.010000000000000009,6486.175585714286,0.1785714285714279,0.06172839506172827,0.8024874387603615,0.008845761009263193,0.027948561293855874
2005-01-18,0.020000000000000018,0.010000000000000009,6503.107357142857,0.07142857142857148,0.06172839506172827,0.8045822839750542,0.0035475409346342724,0.02796263883724728
2005-01-19,0.10000000000000009,0.009999999999999953,6507.3403,0.35714285714285743,0.06172839506172793,0.8051059952787273,0.01774925033683249,0.02803307237032995
2005-01-20,0.040000000000000036,0.030000000000000027,6507.092385714285,0.14285714285714296,0.18518518518518481,0.8050753226431278,0.02129828895881288,0.028117589390007778
2005-01-21,0.03000000000000025,0.04999999999999999,6506.8444714285715,0.10714285714285803,0.308641975308641,0.8050446500075283,0.02662184689178348,0.028223231639578347
2005-01-25,0.040000000000000036,0.030000000000000027,6505.852814285715,0.14285714285714296,0.18518518518518481,0.8049219594651305,0.021294231731881733,0.028307732559149305
2005-01-26,0.07000000000000028,0.009999999999999953,6505.6049,0.250000000000001,0.06172839506172793,0.8048912868295309,0.012421161833789014,0.028357022883886564
2005-01-27,0.13000000000000034,0.04999999999999999,6507.6202,0.46428571428571547,0.308641975308641,0.8051406252746535,0.11537508960064473,0.02881486054103198
2005-01-28,0.2200000000000002,0.06,6509.6355,0.7857142857142864,0.37037037037036924,0.805389963719776,0.2343727407650137,0.029744911099623305
2005-01-31,0.16999999999999993,0.08999999999999997,6515.6814,0.6071428571428569,0.5555555555555537,0.8061379790551436,0.27191161991939267,0.030823925464382798
2005-02-01,0.009999999999999787,0.06,6517.6967,0.03571428571428495,0.37037037037036924,0.8063873175002662,0.010666498908733418,0.030866252841004756
2005-02-02,0.18999999999999995,0.06,6519.712,0.6785714285714283,0.37037037037036924,0.8066366559453887,0.20272614368997793,0.031670721665171334
2005-02-03,0.010000000000000231,0.0,6519.892614285714,0.03571428571428654,0.0,0.8066590020403457,0.0,0.031670721665171334
2005-02-04,0.029999999999999805,0.010000000000000009,6520.073228571429,0.10714285714285643,0.06172839506172827,0.8066813481353028,0.005335194101423914,0.031691893070335715
2005-02-07,0.20999999999999996,0.019999999999999962,6520.615071428571,0.7499999999999998,0.1234567901234562,0.8067483864201738,0.07469892466853423,0.03198831737457593
2005-02-08,0.010000000000000231,0.009999999999999953,6520.795685714286,0.03571428571428654,0.06172839506172793,0.8067707325151309,0.0017785950893190992,0.03199537529159704
2005-02-09,0.009999999999999787,0.019999999999999962,6520.9763,0.03571428571428495,0.1234567901234562,0.8067930786100879,0.003557288706393592,0.03200949151662241
2005-02-10,0.0,0.010000000000000009,6524.645757142857,0.0,0.06172839506172827,0.8072470739152254,0.0,0.03200949151662241
2005-02-11,0.009999999999999787,0.050000000000000044,6528.315214285714,0.03571428571428495,0.30864197530864135,0.807701069220363,0.008903230480823898,0.03204482179630822
2005-02-14,0.009999999999999787,0.03999999999999998,6539.323585714286,0.03571428571428495,0.24691358024691273,0.8090630551357759,0.007134594842466983,0.03207313368060372
2005-02-15,0.020000000000000018,0.02999999999999997,6542.993042857143,0.07142857142857148,0.18518518518518445,0.8095170504409135,0.010707897492604642,0.03211562533732041
2005-02-16,0.020000000000000018,0.010000000000000009,6546.6625,0.07142857142857148,0.06172839506172827,0.809971045746051,0.003571300907169532,0.032129797166317114
2005-02-17,0.0,0.0,6552.550514285715,0.0,0.0,0.8106995270276762,0.0,0.032129797166317114
2005-02-18,0.009999999999999787,0.0,6558.438528571429,0.03571428571428495,0.0,0.8114280083093014,0.0,0.032129797166317114
2005-02-22,0.06999999999999984,0.020000000000000018,6581.990585714286,0.24999999999999942,0.12345679012345653,0.8143419334358023,0.025134010291228356,0.03222953530239342
2005-02-23,0.020000000000000018,0.04999999999999999,6587.8786,0.07142857142857148,0.308641975308641,0.8150704147174275,0.01796892448671573,0.03230084055829308
2005-02-24,0.040000000000000036,0.07,6588.648714285714,0.14285714285714296,0.4320987654320975,0.8151656953697207,0.05031887008455055,0.032500518614184154
2005-02-25,0.03000000000000025,0.06999999999999998,6589.418828571429,0.10714285714285803,0.43209876543209735,0.8152609760220141,0.037743563704723065,0.03265029466063147
2005-03-01,0.1599999999999997,0.009999999999999981,6592.499285714286,0.5714285714285703,0.0617283950617281,0.8156420986311872,0.028770444396161613,0.032764463090774965
2005-03-02,0.06000000000000005,0.020000000000000018,6593.2694,0.21428571428571447,0.12345679012345653,0.8157373792834804,0.021580353949298397,0.03285009941597059
2005-03-03,0.03000000000000025,0.0,6594.907200000001,0.10714285714285803,0.0,0.8159400123929043,0.0,0.03285009941597059
2005-03-04,0.040000000000000036,0.04000000000000001,6596.545,0.14285714285714296,0.2469135802469129,0.816142645502328,0.028788100370452426,0.032964337909504135
2005-03-07,0.029999999999999805,0.04999999999999999,6601.4584,0.10714285714285643,0.308641975308641,0.8167505448305993,0.027008946588313206,0.03307151626898157
2005-03-08,0.019999999999999574,0.04000000000000001,6603.0962,0.0714285714285699,0.2469135802469129,0.816953177940023,0.014408345289947146,0.033128692242354374
2005-03-09,0.0,0.020000000000000018,6604.734,0.0,0.12345679012345653,0.8171558110494468,0.0,0.033128692242354374
2005-03-10,0.020000000000000018,0.06,6609.175700000001,0.07142857142857148,0.37037037037036924,0.8177053503595747,0.021632416676179177,0.03321453516567255
2005-03-11,0.009999999999999787,0.04999999999999999,6613.6174,0.03571428571428495,0.308641975308641,0.8182548896697025,0.009019564480485917,0.03325032708821416
2005-03-14,0.08999999999999986,0.020000000000000018,6626.9425,0.3214285714285709,0.12345679012345653,0.8199035076000862,0.032535853476193775,0.0333794376178816
2005-03-15,0.08999999999999986,0.010000000000000009,6631.3841999999995,0.3214285714285709,0.06172839506172827,0.820453046910214,0.01627883029583752,0.03344403615080159
2005-03-16,0.06000000000000005,0.019999999999999962,6635.8259,0.21428571428571447,0.1234567901234562,0.8210025862203421,0.0217196451381042,0.03353022521880994
2005-03-17,0.17000000000000037,0.010000000000000009,6637.823628571428,0.6071428571428584,0.06172839506172827,0.8212497506801132,0.030778760497270553,0.03365236315729117
2005-03-18,0.1900000000000004,0.010000000000000009,6639.821357142857,0.6785714285714299,0.06172839506172827,0.8214969151398844,0.03441014415268475,0.03378891134837325
2005-03-21,0.14000000000000012,0.020000000000000018,6645.814542857143,0.5000000000000004,0.12345679012345653,0.822238408519198,0.05075545731599982,0.03399032189327801
2005-03-22,0.040000000000000036,0.05000000000000002,6647.812271428572,0.14285714285714296,0.3086419753086412,0.8224855729789692,0.03626479598672697,0.03413422981386026
2005-03-23,0.029999999999999805,0.020000000000000018,6649.81,0.10714285714285643,0.12345679012345653,0.8227327374387404,0.010882708167179012,0.03417741516373002
2005-03-24,0.04999999999999982,0.010000000000000009,6646.764485714286,0.1785714285714279,0.06172839506172827,0.8223559380557213,0.0090647700402967,0.03421338647341374
2005-03-29,0.029999999999999805,0.07999999999999999,6631.536914285714,0.10714285714285643,0.49382716049382563,0.8204719411406255,0.04341121381696389,0.034385653194909625
2005-03-30,0.05999999999999961,0.010000000000000009,6628.4914,0.21428571428571286,0.06172839506172827,0.8200951417576063,0.010847819335417978,0.0344287000970343
2005-03-31,0.16000000000000014,0.08000000000000002,6630.590342857143,0.5714285714285718,0.4938271604938258,0.8203548287264949,0.23149342609565945,0.035347324803763104
2005-04-05,0.23999999999999977,0.07,6641.085057142857,0.8571428571428562,0.4320987654320975,0.8216532635709376,0.3043160235447905,0.036554928071797985
2005-04-06,0.10000000000000009,0.07999999999999996,6643.184,0.35714285714285743,0.49382716049382547,0.821912950539826,0.14495819233506596,0.037130158993762534
2005-04-07,0.07000000000000028,0.02999999999999997,6643.257228571429,0.250000000000001,0.18518518518518445,0.8219220105795911,0.038051944934240335,0.03728115877524762
2005-04-08,0.08000000000000007,0.020000000000000018,6643.330457142857,0.2857142857142859,0.12345679012345653,0.8219310706193562,0.028992277623257675,0.03739620749597483
2005-04-11,0.04999999999999982,0.06,6643.550142857143,0.1785714285714279,0.37037037037036924,0.8219582507386515,0.05436231817054536,0.037611930980778585
2005-04-12,0.010000000000000231,0.04999999999999999,6643.623371428572,0.03571428571428654,0.308641975308641,0.8219673107784166,0.009060486229920998,0.03764788529121478
2005-04-13,0.009999999999999787,0.010000000000000009,6643.6966,0.03571428571428495,0.06172839506172827,0.8219763708181815,0.0018121172196167597,0.037655076232562465
2005-04-14,0.040000000000000036,0.010000000000000009,6649.004057142857,0.14285714285714296,0.06172839506172827,0.8226330239772917,0.00725425947069921,0.03768386297649381
2005-04-15,0.06999999999999984,0.019999999999999962,6654.311514285714,0.24999999999999942,0.1234567901234562,0.8232896771364017,0.02541017522025913,0.03778469700514563
2005-04-18,0.009999999999999787,0.14,6670.233885714286,0.03571428571428495,0.864197530864195,0.8252596366137318,0.025470976438694806,0.037885772308473786
2005-04-19,0.04999999999999982,0.13,6675.541342857143,0.1785714285714279,0.8024691358024668,0.8259162897728419,0.11835220201771246,0.03835542390378217
2005-04-20,0.07999999999999963,0.07999999999999996,6680.8488,0.28571428571428437,0.49382716049382547,0.8265729429319519,0.11662404838545964,0.03881821774658161
2005-04-21,0.06999999999999984,0.08999999999999997,6679.159042857143,0.24999999999999942,0.5555555555555537,0.8263638815422657,0.11477276132531403,0.039273665212158256
2005-04-22,0.07999999999999963,0.12,6677.469285714285,0.28571428571428437,0.7407407407407385,0.8261548201525795,0.17484758098467154,0.03996750481924029
2005-04-25,0.07999999999999963,0.010000000000000009,6672.400014285714,0.28571428571428437,0.06172839506172827,0.8255276359835206,0.014559570299532894,0.04002528089185748
2005-04-26,0.029999999999999805,0.030000000000000027,6670.710257142857,0.10714285714285643,0.18518518518518481,0.8253185745938344,0.016375368543528317,0.040090262513061956
2005-04-27,0.11000000000000032,0.019999999999999962,6669.0205,0.39285714285714396,0.1234567901234562,0.8251095132041482,0.040018539000201116,0.04024906623925323
2005-04-28,0.1499999999999999,0.04999999999999999,6669.441728571428,0.5357142857142854,0.308641975308641,0.8251616287586766,0.1364354544905214,0.040790476772945776
2005-04-29,0.22999999999999998,0.07,6669.862957142857,0.8214285714285713,0.4320987654320975,0.8252137443132052,0.2928999401111676,0.041952778122593265
2005-05-03,0.06000000000000005,0.03999999999999998,6671.547871428572,0.21428571428571447,0.24691358024691273,0.8254222065313189,0.043673132620704595,0.04212608420442146
2005-05-04,0.020000000000000018,0.04999999999999999,6671.9691,0.07142857142857148,0.308641975308641,0.8254743220858474,0.01819828752393839,0.042198299631103754
2005-05-05,0.020000000000000018,0.08999999999999997,6675.880657142858,0.07142857142857148,0.5555555555555537,0.8259582706672041,0.03277612185187309,0.04232836360670642
2005-05-06,0.009999999999999787,0.06,6679.792214285714,0.03571428571428495,0.37037037037036924,0.8264422192485605,0.010931775386885454,0.04237174366776549
2005-05-10,0.0,0.03999999999999998,6695.438442857143,0.0,0.24691358024691273,0.828378013573987,0.0,0.04237174366776549
2005-05-11,0.010000000000000231,0.040000000000000036,6699.35,0.03571428571428654,0.24691358024691307,0.8288619621553436,0.00730918837879507,0.042400748383554364
2005-05-12,0.029999999999999805,0.02999999999999997,6701.388257142858,0.10714285714285643,0.18518518518518445,0.829114140921165,0.01645067739922929,0.04246602884942432
2005-05-13,0.029999999999999805,0.08000000000000002,6703.426514285715,0.10714285714285643,0.4938271604938258,0.8293663196869865,0.0438818158564539,0.04264016303933088
2005-05-16,0.06999999999999984,0.03999999999999998,6709.541285714286,0.24999999999999942,0.24691358024691273,0.8301228559844506,0.05124215160397813,0.04284350491077524
2005-05-17,0.019999999999999574,0.040000000000000036,6711.579542857143,0.0714285714285699,0.24691358024691307,0.8303750347502721,0.014645062341274296,0.042901620237526326
2005-05-18,0.009999999999999787,0.02999999999999997,6713.6178,0.03571428571428495,0.18518518518518445,0.8306272135160935,0.005493566226958151,0.04292342010350632
2005-05-19,0.010000000000000231,0.019999999999999962,6718.019757142857,0.03571428571428654,0.1234567901234562,0.8311718357308983,0.003664778817155703,0.04293796287659027
2005-05-20,0.0,0.04999999999999999,6722.421714285714,0.0,0.308641975308641,0.831716457945703,0.0,0.04293796287659027
2005-05-23,0.009999999999999787,0.04999999999999999,6735.6275857142855,0.03571428571428495,0.308641975308641,0.8333503245901173,0.009185960368056622,0.042974415100273035
2005-05-24,0.029999999999999805,0.030000000000000027,6740.029542857143,0.10714285714285643,0.18518518518518481,0.833894946804922,0.016545534658827677,0.043040071983839814
2005-05-25,0.0,0.06,6744.4315,0.0,0.37037037037036924,0.8344395690197268,0.0,0.043040071983839814
2005-05-26,0.0,0.02999999999999997,6744.186257142856,0.0,0.18518518518518445,0.8344092269005994,0.0,0.043040071983839814
2005-05-27,0.0,0.030000000000000027,6743.941014285714,0.0,0.18518518518518481,0.834378884781472,0.0,0.043040071983839814
2005-05-31,0.08000000000000007,0.010000000000000009,6742.960042857143,0.2857142857142859,0.06172839506172827,0.8342575163049626,0.014713536442768278,0.04309845903321588
2005-06-01,0.010000000000000231,0.020000000000000018,6742.7148,0.03571428571428654,0.12345679012345653,0.8342271741858351,0.0036782503270981156,0.04311305526467262
2005-06-02,0.009999999999999787,0.0,6744.618828571428,0.03571428571428495,0.0,0.8344627458245335,0.0,0.04311305526467262
2005-06-03,0.019999999999999574,0.010000000000000009,6746.522857142857,0.0714285714285699,0.06172839506172827,0.834698317463232,0.0036803276784092257,0.043127659739586946
2005-06-07,0.040000000000000036,0.0,6754.1389714285715,0.14285714285714296,0.0,0.8356406040180255,0.0,0.043127659739586946
2005-06-08,0.03000000000000025,0.020000000000000018,6756.043,0.10714285714285803,0.12345679012345653,0.8358761756567239,0.011056563170062553,0.0431715349902618
2005-06-09,0.019999999999999574,0.020000000000000018,6747.807671428571,0.0714285714285699,0.12345679012345653,0.8348572782116421,0.007362057127086618,0.043200749502670874
2005-06-10,0.019999999999999574,0.040000000000000036,6739.572342857143,0.0714285714285699,0.24691358024691307,0.8338383807665605,0.014706144281596842,0.043259107218074036
2005-06-13,0.08000000000000007,0.030000000000000027,6714.866357142857,0.2857142857142859,0.18518518518518481,0.8307816884313153,0.043956703091603926,0.04343353857954865
2005-06-14,0.0,0.050000000000000044,6706.631028571429,0.0,0.30864197530864135,0.8297627909862336,0.0,0.04343353857954865
2005-06-15,0.040000000000000036,0.06,6698.3957,0.14285714285714296,0.37037037037036924,0.8287438935411519,0.0438488832561455,0.04360754208453336
2005-06-16,0.009999999999999787,0.06,6708.451428571429,0.03571428571428495,0.37037037037036924,0.8299880158686338,0.010978677458579543,0.04365110826492455
2005-06-17,0.019999999999999574,0.06,6718.507157142857,0.0714285714285699,0.37037037037036924,0.8312321381961156,0.021990268206245906,0.04373837123399695
2005-06-20,0.040000000000000036,0.03999999999999998,6748.674342857143,0.14285714285714296,0.24691358024691273,0.8349645051785614,0.02945201076467581,0.043855244292586935
2005-06-21,0.040000000000000036,0.02999999999999997,6758.730071428571,0.14285714285714296,0.18518518518518445,0.8362086275060432,0.022121921362593663,0.04394302969481945
2005-06-22,0.06000000000000005,0.010000000000000009,6768.7858,0.21428571428571447,0.06172839506172827,0.8374527498335251,0.011077417325840265,0.04398698770008072
2005-06-23,0.05999999999999961,0.050000000000000044,6769.8919,0.21428571428571286,0.30864197530864135,0.8375895995601912,0.0553961375370492,0.04420681364268806
2005-06-24,0.07999999999999963,0.06,6770.998,0.28571428571428437,0.37037037037036924,0.8377264492868571,0.08864830151183604,0.04455859261694138
2005-06-27,0.23999999999999977,0.08999999999999997,6774.3163,0.8571428571428562,0.5555555555555537,0.8381369984668553,0.39911285641278643,0.046142373793182596
2005-06-28,0.1200000000000001,0.08000000000000002,6775.4224,0.42857142857142894,0.4938271604938258,0.8382738481935214,0.17741245464413116,0.04684639147034185
2005-06-29,0.13000000000000034,0.04999999999999999,6776.5285,0.46428571428571547,0.308641975308641,0.8384106979201874,0.12014262646563525,0.04732314792457056
2005-06-30,0.28000000000000025,0.009999999999999953,6778.3273,1.0000000000000009,0.06172839506172793,0.8386332503913263,0.05176748459205683,0.04752857445072952
2005-07-01,0.29000000000000004,0.030000000000000027,6780.1261,1.0357142857142858,0.18518518518518481,0.8388558028624654,0.1608916553109223,0.048167033400376036
2005-07-05,0.08000000000000007,0.009999999999999953,6787.3213000000005,0.2857142857142859,0.06172839506172793,0.8397460127470213,0.014810335321816852,0.048225804572288006
2005-07-06,0.36999999999999966,0.0,6789.1201,1.32142857142857,0.0,0.8399685652181603,0.0,0.048225804572288006
2005-07-07,0.17999999999999972,0.009999999999999953,6794.143114285715,0.6428571428571418,0.06172839506172793,0.840590026326595,0.03335674707645187,0.04835817261624218
2005-07-08,0.13999999999999968,0.030000000000000027,6799.166128571429,0.49999999999999883,0.18518518518518481,0.8412114874350296,0.07788995254028018,0.04866725972949726
2005-07-12,0.04999999999999982,0.03999999999999998,6819.258185714286,0.1785714285714279,0.24691358024691273,0.843697331868768,0.03720005872437222,0.04881487901014953
2005-07-13,0.04999999999999982,0.010000000000000009,6824.2812,0.1785714285714279,0.06172839506172827,0.8443187929772027,0.009306865001953239,0.048851811014125536
2005-07-14,0.09999999999999964,0.019999999999999962,6828.842142857143,0.3571428571428558,0.1234567901234562,0.8448830853407677,0.037252340623490324,0.04899963776263145
2005-07-15,0.09999999999999964,0.030000000000000027,6833.403085714286,0.3571428571428558,0.18518518518518481,0.8454473777043329,0.055915831858751854,0.04922152598429316
2005-07-18,0.08000000000000007,0.04999999999999999,6847.085914285714,0.2857142857142859,0.308641975308641,0.8471402547950281,0.07470372617240088,0.049517969342120154
2005-07-19,0.18999999999999995,0.04999999999999999,6851.646857142858,0.6785714285714283,0.308641975308641,0.8477045471585932,0.1775395325839199,0.05022249129681825
2005-07-20,0.06999999999999984,0.040000000000000036,6856.2078,0.24999999999999942,0.24691358024691307,0.8482688395221584,0.052362274044577446,0.05043027809858245
2005-07-21,0.04999999999999982,0.07,6856.923285714286,0.1785714285714279,0.4320987654320975,0.848357361377717,0.06545967294581106,0.05069003870551027
2005-07-22,0.06999999999999984,0.07,6857.638771428571,0.24999999999999942,0.4320987654320975,0.8484458832332756,0.09165310467026078,0.05105374150182083
2005-07-25,0.029999999999999805,0.10000000000000003,6859.785228571429,0.10714285714285643,0.6172839506172824,0.8487114487999516,0.05613170957671586,0.05127648638109351
2005-07-26,0.020000000000000018,0.08000000000000002,6860.500714285714,0.07142857142857148,0.4938271604938258,0.8487999706555103,0.02994003423828954,0.051395296040769256
2005-07-27,0.020000000000000018,0.06,6861.2162,0.07142857142857148,0.37037037037036924,0.848888492511069,0.022457367526747807,0.051484412578573814
2005-07-28,0.020000000000000018,0.020000000000000018,6863.1762,0.07142857142857148,0.12345679012345653,0.849130989088472,0.007487927593372758,0.051514126576960216
2005-07-29,0.06000000000000005,0.0,6865.1362,0.21428571428571447,0.0,0.8493734856658749,0.0,0.051514126576960216
2005-08-01,0.029999999999999805,0.010000000000000009,6871.0162,0.10714285714285643,0.06172839506172827,0.8501009753980837,0.005622360948399976,0.05153643753310466
2005-08-02,0.06999999999999984,0.0,6872.9762,0.24999999999999942,0.0,0.8503434719754868,0.0,0.05153643753310466
2005-08-03,0.040000000000000036,0.0,6874.9362,0.14285714285714296,0.0,0.8505859685528897,0.0,0.05153643753310466
2005-08-04,0.1299999999999999,0.0,6875.897557142857,0.46428571428571386,0.0,0.8507049102961574,0.0,0.05153643753310466
2005-08-05,0.18000000000000016,0.04999999999999999,6876.8589142857145,0.6428571428571433,0.308641975308641,0.8508238520394251,0.1688142563570284,0.05220633537579128
2005-08-08,0.1499999999999999,0.010000000000000009,6879.742985714285,0.5357142857142854,0.06172839506172827,0.8511806772692282,0.02814750916895588,0.05231803184074745
2005-08-09,0.03000000000000025,0.030000000000000027,6880.704342857142,0.10714285714285803,0.18518518518518481,0.851299619012496,0.016890865456597248,0.052385059084622834
2005-08-10,0.010000000000000231,0.0,6881.6657,0.03571428571428654,0.0,0.8514185607557637,0.0,0.052385059084622834
2005-08-11,0.019999999999999574,0.0,6884.464,0.0714285714285699,0.0,0.8517647741091039,0.0,0.052385059084622834
2005-08-12,0.05999999999999961,0.03999999999999998,6887.262299999999,0.21428571428571286,0.24691358024691273,0.852110987462444,0.04508523743187488,0.052563968756971544
2005-08-15,0.1299999999999999,0.040000000000000036,6895.657200000001,0.46428571428571386,0.24691358024691307,0.8531496275224645,0.09780374918687836,0.05295207887279249
2005-08-16,0.04999999999999982,0.0,6898.4555,0.1785714285714279,0.0,0.8534958408758047,0.0,0.05295207887279249
2005-08-17,0.020000000000000018,0.020000000000000018,6901.2538,0.07142857142857148,0.12345679012345653,0.8538420542291448,0.007529471377682042,0.052981957727465834
2005-08-18,0.04999999999999982,0.040000000000000036,6903.411257142858,0.1785714285714279,0.24691358024691307,0.8541089807460002,0.037659126135184975,0.053131398704192756
2005-08-19,0.009999999999999787,0.030000000000000027,6905.568714285714,0.03571428571428495,0.18518518518518481,0.8543759072628554,0.005650634307293885,0.053153821856205825
2005-08-22,0.06000000000000005,0.03999999999999998,6912.041085714286,0.21428571428571447,0.24691358024691273,0.8551766868134213,0.04524744374674175,0.05333337520440718
2005-08-23,0.009999999999999787,0.03999999999999998,6914.1985428571425,0.03571428571428495,0.24691358024691273,0.8554436133302765,0.007543594473811775,0.053363310103112786
2005-08-24,0.040000000000000036,0.020000000000000018,6916.356,0.14285714285714296,0.12345679012345653,0.8557105398471319,0.015091896646333874,0.05342319858186808
2005-08-25,0.009999999999999787,0.0,6914.645328571429,0.03571428571428495,0.0,0.8554988908846373,0.0,0.05342319858186808
2005-08-26,0.0,0.010000000000000009,6912.934657142857,0.0,0.06172839506172827,0.8552872419221426,0.0,0.05342319858186808
2005-08-30,0.029999999999999805,0.02999999999999997,6906.091971428571,0.10714285714285643,0.18518518518518445,0.8544406460721637,0.016953187422066564,0.05349047313513025
2005-08-31,0.08999999999999986,0.03999999999999998,6904.3813,0.3214285714285709,0.24691358024691273,0.8542289971096692,0.0677959521515607,0.053759504691287235
2005-09-01,0.029999999999999805,0.06,6904.509685714285,0.10714285714285643,0.37037037037036924,0.854244881342476,0.03389860640247888,0.053894022970662155
2005-09-02,0.04999999999999982,0.010000000000000009,6904.6380714285715,0.1785714285714279,0.06172839506172827,0.8542607655752831,0.009416454646993807,0.05393138985418197
2005-09-06,0.0,0.06999999999999995,6905.1516142857145,0.0,0.4320987654320972,0.8543243025065111,0.0,0.05393138985418197
2005-09-07,0.010000000000000231,0.03999999999999998,6905.28,0.03571428571428654,0.24691358024691273,0.8543401867393181,0.007533864080593782,0.05396128614021607
2005-09-08,0.0,0.030000000000000027,6907.060385714285,0.0,0.18518518518518481,0.8545604609445075,0.0,0.05396128614021607
2005-09-09,0.0,0.06,6908.840771428571,0.0,0.37037037037036924,0.8547807351496971,0.0,0.05396128614021607
2005-09-13,0.040000000000000036,0.12999999999999995,6915.9623142857145,0.14285714285714296,0.8024691358024665,0.8556618319704551,0.09809174440578383,0.05435053909420728
2005-09-14,0.04999999999999982,0.13,6917.7427,0.1785714285714279,0.8024691358024668,0.8558821061756445,0.12264624537349324,0.05483723054410209
2005-09-15,0.17999999999999972,0.09000000000000002,6923.264028571429,0.6428571428571418,0.555555555555554,0.8565652200946693,0.3059161500338091,0.05605118352042673
2005-09-16,0.1299999999999999,0.02999999999999997,6928.785357142857,0.46428571428571386,0.18518518518518445,0.857248334013694,0.07370521390329345,0.05634366452797948
2005-09-19,0.08000000000000007,0.010000000000000009,6945.349342857143,0.2857142857142859,0.06172839506172827,0.8592976757707684,0.015155161830172261,0.05640380405905159
2005-09-20,0.0,0.08999999999999997,6950.870671428571,0.0,0.5555555555555537,0.8599807896897931,0.0,0.05640380405905159
2005-09-21,0.10000000000000009,0.09999999999999998,6956.392,0.35714285714285743,0.617283950617282,0.860663903608818,0.18974071949047971,0.05715674342210905
2005-09-22,0.1499999999999999,0.04999999999999993,6957.041657142857,0.5357142857142854,0.3086419753086407,0.860744280972914,0.14231882952594407,0.05772150068213264
2005-09-23,0.13999999999999968,0.09999999999999998,6957.691314285714,0.49999999999999883,0.617283950617282,0.8608246583370099,0.26568662294352013,0.058775812677940256
2005-09-26,0.10999999999999988,0.13000000000000006,6959.640285714286,0.39285714285714235,0.8024691358024671,0.8610657904292982,0.2714559259951261,0.05985301873347647
2005-09-27,0.040000000000000036,0.20999999999999996,6960.289942857143,0.14285714285714296,1.2962962962962923,0.8611461677933941,0.1594715125543319,0.06048584219599366
2005-09-28,0.0,0.010000000000000009,6960.9396,0.0,0.06172839506172827,0.8612265451574902,0.0,0.06048584219599366
2005-09-29,0.06000000000000005,0.020000000000000018,6960.791585714285,0.21428571428571447,0.12345679012345653,0.8612082324239736,0.022783286572062765,0.06057625206334311
2005-09-30,0.17000000000000037,0.030000000000000027,6960.643571428572,0.6071428571428584,0.18518518518518481,0.8611899196904571,0.0968269089599059,0.060960485829057026
2005-10-03,0.11000000000000032,0.0,6960.199528571428,0.39285714285714396,0.0,0.8611349814899074,0.0,0.060960485829057026
2005-10-04,0.06999999999999984,0.04999999999999993,6960.051514285715,0.24999999999999942,0.3086419753086407,0.8611166687563909,0.06644418740404208,0.061224153239390525
2005-10-05,0.18000000000000016,0.030000000000000027,6959.9035,0.6428571428571433,0.18518518518518481,0.8610983560228743,0.10251170905034206,0.06163094573562204
2005-10-06,0.17000000000000037,0.0,6961.113757142857,0.6071428571428584,0.0,0.8612480923570174,0.0,0.06163094573562204
2005-10-07,0.20000000000000018,0.020000000000000018,6962.324014285715,0.7142857142857149,0.12345679012345653,0.8613978286911604,0.07596100782108989,0.06193237830634065
2005-10-11,0.03999999999999959,0.06000000000000005,6967.165042857143,0.14285714285714138,0.37037037037036963,0.8619967740277324,0.04560829492210168,0.06211336360365058
2005-10-12,0.3700000000000001,0.07999999999999996,6968.3753,1.3214285714285716,0.49382716049382547,0.8621465103618755,0.562600015580058,0.06434590334801589
2005-10-13,0.020000000000000018,0.09999999999999998,6971.4128,0.07142857142857148,0.617283950617282,0.8625223181954783,0.038030084576520115,0.0644968163820497
2005-10-14,0.040000000000000036,0.10999999999999999,6974.4502999999995,0.14285714285714296,0.6790123456790103,0.862898126029081,0.08370264009100413,0.06482896971574416
2005-10-18,0.040000000000000036,0.07999999999999996,6986.6003,0.14285714285714296,0.49382716049382547,0.8644013573634922,0.060980695404831746,0.06507095660227127
2005-10-19,0.06000000000000005,0.11000000000000004,6989.6378,0.21428571428571447,0.6790123456790106,0.8647771651970951,0.1258273653064554,0.06557027154396355
2005-10-20,0.0,0.06,6988.334128571429,0.0,0.37037037037036924,0.8646158713912345,0.0,0.06557027154396355
2005-10-21,0.010000000000000231,0.03999999999999998,6987.030457142858,0.03571428571428654,0.24691358024691273,0.8644545775853741,0.00762305623973008,0.06560052176713708
2005-10-24,0.04999999999999982,0.020000000000000018,6983.1194428571425,0.1785714285714279,0.12345679012345653,0.8639706961677924,0.019046973019572033,0.06567610499340523
2005-10-25,0.029999999999999805,0.020000000000000018,6981.815771428572,0.10714285714285643,0.12345679012345653,0.863809402361932,0.011426050295792653,0.06572144646283298
2005-10-26,0.009999999999999787,0.010000000000000009,6980.5121,0.03571428571428495,0.06172839506172827,0.8636481085560715,0.001903986129973658,0.06572900196334876
2005-10-27,0.0900000000000003,0.020000000000000018,6977.766514285714,0.32142857142857245,0.12345679012345653,0.8633084171587854,0.03425827052217406,0.06586494748129389
2005-10-28,0.14000000000000012,0.010000000000000009,6975.020928571428,0.5000000000000004,0.06172839506172827,0.8629687257614993,0.026634837214861058,0.06597064127976555
2005-10-31,0.2699999999999996,0.0,6966.784171428571,0.9642857142857126,0.0,0.8619496515696411,0.0,0.06597064127976555
2005-11-01,0.14000000000000012,0.010000000000000009,6964.038585714286,0.5000000000000004,0.06172839506172827,0.861609960172355,0.026592900005319567,0.06607616866073905
2005-11-02,0.0900000000000003,0.010000000000000009,6961.293,0.32142857142857245,0.06172839506172827,0.8612702687750688,0.017088695809029164,0.06614398094569551
2005-11-03,0.10999999999999988,0.010000000000000009,6961.977842857143,0.39285714285714235,0.06172839506172827,0.8613549994122709,0.02088823852190244,0.06622687078109989
2005-11-04,0.10000000000000009,0.0,6962.6626857142855,0.35714285714285743,0.0,0.8614397300494729,0.0,0.06622687078109989
2005-11-07,0.0,0.06,6964.717214285714,0.0,0.37037037037036924,0.8616939219610792,0.0,0.06622687078109989
2005-11-08,0.05999999999999961,0.04999999999999999,6965.402057142857,0.21428571428571286,0.308641975308641,0.8617786525982812,0.0569959426321609,0.06645304515662434
2005-11-09,0.019999999999999574,0.0,6966.0869,0.0714285714285699,0.0,0.8618633832354833,0.0,0.06645304515662434
2005-11-10,0.020000000000000018,0.010000000000000009,6970.572928571429,0.07142857142857148,0.06172839506172827,0.8624184069980869,0.0038025502954060217,0.06646813464192357
2005-11-14,0.010000000000000675,0.020000000000000018,6988.517042857143,0.03571428571428812,0.12345679012345653,0.8646385020485018,0.0038123390742881755,0.06648326297158344
2005-11-15,0.009999999999999787,0.010000000000000009,6993.003071428571,0.03571428571428495,0.06172839506172827,0.8651935258111055,0.0019073931345041561,0.06649083199195846
2005-11-16,0.020000000000000018,0.030000000000000027,6997.4891,0.07142857142857148,0.18518518518518481,0.8657485495737092,0.011451700391186615,0.06653627524747904
2005-11-17,0.0,0.0,7000.465571428571,0.0,0.0,0.8661168067850185,0.0,0.06653627524747904
2005-11-21,0.07000000000000028,0.06,7012.371457142857,0.250000000000001,0.37037037037036924,0.8675898356302558,0.08033239218798673,0.06685505458155835
2005-11-22,0.010000000000000231,0.12000000000000005,7015.347928571429,0.03571428571428654,0.7407407407407389,0.8679580928415652,0.02296185430797839,0.06694617305103445
2005-11-23,0.009999999999999787,0.07,7018.3244,0.03571428571428495,0.4320987654320975,0.8683263500528745,0.013400097994642798,0.06699934804307668
2005-11-25,0.03000000000000025,0.08000000000000002,7013.222228571429,0.10714285714285803,0.4938271604938258,0.8676950954055521,0.04590979340770142,0.06718152976294851
2005-11-28,0.0,0.050000000000000044,7005.568971428572,0.0,0.30864197530864135,0.8667482134345688,0.0,0.06718152976294851
2005-11-29,0.019999999999999574,0.030000000000000027,7003.0178857142855,0.0714285714285699,0.18518518518518481,0.8664325861109075,0.011460748493530253,0.06722700892363713
2005-11-30,0.0,0.030000000000000027,7000.4668,0.0,0.18518518518518481,0.8661169587872464,0.0,0.06722700892363713
2005-12-02,0.03000000000000025,0.010000000000000009,7014.1648000000005,0.10714285714285803,0.06172839506172827,0.8678117129287085,0.0057394954558777364,0.06724978469925569
2005-12-05,0.010000000000000675,0.020000000000000018,7034.7118,0.03571428571428812,0.12345679012345653,0.8703538441409016,0.0038375389953305044,0.06726501302860224
2005-12-06,0.06000000000000005,0.010000000000000009,7041.5608,0.21428571428571447,0.06172839506172827,0.8712012212116326,0.011523825677402533,0.06731074249557606
2005-12-07,0.020000000000000018,0.040000000000000036,7048.4098,0.07142857142857148,0.24691358024691307,0.8720485982823637,0.015380045825085757,0.06737177442345338
2005-12-08,0.08999999999999986,0.06999999999999995,7050.874814285715,0.3214285714285709,0.4320987654320972,0.8723535766127387,0.12116021897399085,0.06785256894319144
2005-12-09,0.16000000000000014,0.07999999999999996,7053.339828571428,0.5714285714285718,0.49382716049382547,0.8726585549431137,0.2462528550104018,0.06882976281228034
2005-12-12,0.26000000000000023,0.16000000000000003,7060.734871428572,0.9285714285714293,0.9876543209876516,0.8735734899342389,0.8011608726028278,0.07200897262419632
2005-12-13,0.14000000000000057,0.15000000000000002,7063.199885714285,0.500000000000002,0.9259259259259234,0.8738784682646139,0.40457336493732177,0.07361442248505871
2005-12-14,0.09999999999999964,0.16000000000000003,7065.6649,0.3571428571428558,0.9876543209876516,0.8741834465949889,0.30835394941621985,0.07483804926845641
2005-12-15,0.1299999999999999,0.030000000000000027,7066.9796,0.46428571428571386,0.18518518518518481,0.8743461048859642,0.0751752603407242,0.07513636379361802
2005-12-16,0.08999999999999986,0.030000000000000027,7068.2943,0.3214285714285709,0.18518518518518481,0.8745087631769396,0.05205409304624621,0.07534292765491264
2005-12-19,0.009999999999999787,0.050000000000000044,7072.2384,0.03571428571428495,0.30864197530864135,0.8749967380498657,0.009645025772154377,0.0753812015667069
2005-12-20,0.009999999999999787,0.040000000000000036,7073.5531,0.03571428571428495,0.24691358024691307,0.875159396340841,0.007717454994187129,0.0754118263881124
2005-12-21,0.16999999999999993,0.08000000000000007,7074.8678,0.6071428571428569,0.49382716049382613,0.8753220546318163,0.26244223860213123,0.07645326384288277
2005-12-22,0.0,0.030000000000000027,7077.813371428571,0.0,0.18518518518518481,0.8756864888103493,0.0,0.07645326384288277
2005-12-23,0.040000000000000036,0.040000000000000036,7080.758942857143,0.14285714285714296,0.24691358024691307,0.8760509229888821,0.030901267124828248,0.07657588791877494
2005-12-28,0.019999999999999574,0.06000000000000005,7095.4868,0.0714285714285699,0.37037037037036963,0.8778730938815467,0.023224155922791697,0.07666804726767491
2005-12-29,0.03000000000000025,0.020000000000000018,7094.012185714286,0.10714285714285803,0.12345679012345653,0.8776906505564063,0.011609664689899624,0.0767141173656507
2005-12-30,0.1200000000000001,0.06999999999999995,7092.537571428571,0.42857142857142894,0.4320987654320972,0.8775082072312658,0.16250151985764136,0.0773589646666731
2006-01-04,0.1299999999999999,0.21000000000000002,7085.1645,0.46428571428571386,1.2962962962962925,0.8765959906055637,0.527580920271865,0.079452539747117
2006-01-05,0.15000000000000036,0.15999999999999998,7086.130785714286,0.5357142857142869,0.9876543209876513,0.8767155421252105,0.4638706572091057,0.0812932963233436
2006-01-06,0.1299999999999999,0.12000000000000005,7087.097071428571,0.46428571428571386,0.7407407407407389,0.8768350936448572,0.30155704278791284,0.08248995125504167
2006-01-10,0.0,0.08999999999999997,7090.962214285714,0.0,0.5555555555555537,0.8773132997234443,0.0,0.08248995125504167
2006-01-11,0.020000000000000462,0.07,7091.9285,0.07142857142857308,0.4320987654320975,0.8774328512430911,0.02708126084083669,0.08259741657583865
2006-01-12,0.0600000000000005,0.07,7096.184542857143,0.21428571428571605,0.4320987654320975,0.8779594205421408,0.08129253893908754,0.08292000601607312
2006-01-13,0.08000000000000007,0.06,7100.440585714286,0.2857142857142859,0.37037037037036924,0.8784859898411905,0.09296148040647498,0.08328890077959088
2006-01-17,0.040000000000000036,0.06,7117.464757142857,0.14285714285714296,0.37037037037036924,0.8805922670373894,0.046592183441131606,0.08347379039642076
2006-01-18,0.05999999999999961,0.030000000000000027,7121.7208,0.21428571428571286,0.18518518518518481,0.8811188363364391,0.03496503318795363,0.08361254052811899
2006-01-19,0.0699999999999994,0.020000000000000018,7125.198742857143,0.2499999999999978,0.12345679012345653,0.8815491369687146,0.02720830669656497,0.0837205099991371
2006-01-20,0.05999999999999961,0.0,7128.676685714286,0.21428571428571286,0.0,0.8819794376009903,0.0,0.0837205099991371
2006-01-24,0.04999999999999982,0.010000000000000009,7142.588457142857,0.1785714285714279,0.06172839506172827,0.8837006401300926,0.0097409682554022,0.08375916463507124
2006-01-25,0.1200000000000001,0.02999999999999997,7146.0664,0.42857142857142894,0.18518518518518445,0.8841309407623683,0.07016912228272743,0.08403761353301857
2006-01-26,0.1299999999999999,0.03999999999999998,7147.000857142857,0.46428571428571386,0.24691358024691273,0.8842465543638339,0.10136865261666483,0.0844398700910212
2006-01-27,0.17999999999999972,0.03999999999999998,7147.935314285714,0.6428571428571418,0.24691358024691273,0.8843621679652995,0.14037494729607858,0.08499691353267232
2006-01-30,0.1200000000000001,0.040000000000000036,7150.738685714286,0.42857142857142894,0.24691358024691307,0.8847090087696964,0.09362000092801008,0.08536842147286283
2006-01-31,0.09999999999999964,0.020000000000000018,7151.673142857143,0.3571428571428558,0.12345679012345653,0.884824622371162,0.03901343132147958,0.0855232366765195
2006-02-01,0.04999999999999982,0.0,7152.6076,0.1785714285714279,0.0,0.8849402359726276,0.0,0.0855232366765195
2006-02-02,0.0600000000000005,0.020000000000000018,7150.865857142858,0.21428571428571605,0.12345679012345653,0.8847247427677434,0.023405416475337268,0.08561611531332639
2006-02-03,0.08999999999999986,0.010000000000000009,7149.124114285714,0.3214285714285709,0.06172839506172827,0.884509249562859,0.01754978669767571,0.08568575732403144
2006-02-06,0.040000000000000036,0.040000000000000036,7143.898885714286,0.14285714285714296,0.24691358024691307,0.8838627699482062,0.031176817282123633,0.08580947485292875
2006-02-07,0.010000000000000675,0.020000000000000018,7142.157142857142,0.03571428571428812,0.12345679012345653,0.8836472767433219,0.003896152013859698,0.08582493577361867
2006-02-08,0.02999999999999936,0.0,7140.4154,0.10714285714285485,0.0,0.8834317835384377,0.0,0.08582493577361867
2006-02-09,0.009999999999999787,0.010000000000000009,7144.478257142857,0.03571428571428495,0.06172839506172827,0.8839344513708968,0.001948709107960485,0.08583266874626931
2006-02-10,0.0,0.020000000000000018,7148.541114285715,0.0,0.12345679012345653,0.8844371192033561,0.0,0.08583266874626931
2006-02-13,0.040000000000000036,0.040000000000000036,7160.729685714286,0.14285714285714296,0.24691358024691307,0.8859451227007336,0.03125026887833271,0.08595667774975475
2006-02-14,0.0699999999999994,0.030000000000000027,7164.792542857143,0.2499999999999978,0.18518518518518481,0.8864477905331928,0.04103924956172144,0.08611953191468222
2006-02-15,0.009999999999999787,0.010000000000000009,7168.8554,0.03571428571428495,0.06172839506172827,0.886950458365652,0.0019553581533633844,0.08612729127243365
2006-02-16,0.02999999999999936,0.0,7171.2099285714285,0.10714285714285485,0.0,0.8872417671003299,0.0,0.08612729127243365
2006-02-17,0.02999999999999936,0.020000000000000018,7173.5644571428575,0.10714285714285485,0.12345679012345653,0.887533075835008,0.011739855500462791,0.08617387800061009
2006-02-21,0.05999999999999961,0.010000000000000009,7182.982571428572,0.21428571428571286,0.06172839506172827,0.88869831077372,0.01175526866102794,0.0862205258921221
2006-02-22,0.009999999999999787,0.010000000000000009,7185.3371,0.03571428571428495,0.06172839506172827,0.8889896195083979,0.0019598536585281683,0.08622830308917975
2006-02-23,0.010000000000000675,0.010000000000000009,7187.996171428571,0.03571428571428812,0.06172839506172827,0.8893186071208972,0.0019605789398610125,0.08623608316433794
2006-02-24,0.0,0.020000000000000018,7190.655242857143,0.0,0.12345679012345653,0.8896475947333965,0.0,0.08623608316433794
2006-02-28,0.04999999999999982,0.0,7201.291528571429,0.1785714285714279,0.0,0.8909635451833936,0.0,0.08623608316433794
2006-03-01,0.03999999999999915,0.020000000000000018,7203.9506,0.1428571428571398,0.12345679012345653,0.8912925327958928,0.015719445022854883,0.08629846191442864
2006-03-02,0.019999999999999574,0.020000000000000018,7201.256142857143,0.0714285714285699,0.12345679012345653,0.8909591671657388,0.007856782779239135,0.08632963962387007
2006-03-03,0.02999999999999936,0.02999999999999997,7198.561685714286,0.10714285714285485,0.18518518518518445,0.8906258015355849,0.01767114685586433,0.08639976322250445
2006-03-06,0.009999999999999787,0.06,7190.478314285714,0.03571428571428495,0.37037037037036924,0.8896257046451229,0.011767535775728852,0.08644645979304305
2006-03-07,0.009999999999999787,0.07,7187.783857142857,0.03571428571428495,0.4320987654320975,0.889292339014969,0.013723647207020791,0.08650091871053123
2006-03-08,0.0,0.06999999999999995,7185.0894,0.0,0.4320987654320972,0.8889589733848149,0.0,0.08650091871053123
2006-03-09,0.0,0.06999999999999995,7189.819742857143,0.0,0.4320987654320972,0.8895442243811413,0.0,0.08650091871053123
2006-03-10,0.0,0.050000000000000044,7194.550085714285,0.0,0.30864197530864135,0.8901294753774676,0.0,0.08650091871053123
2006-03-13,0.009999999999999787,0.03999999999999998,7208.7411142857145,0.03571428571428495,0.24691358024691273,0.8918852283664468,0.007864949103760357,0.08653212882602233
2006-03-14,0.0,0.06,7213.471457142857,0.0,0.37037037037036924,0.892470479362773,0.0,0.08653212882602233
2006-03-15,0.040000000000000036,0.0,7218.2018,0.14285714285714296,0.0,0.8930557303590994,0.0,0.08653212882602233
2006-03-16,0.040000000000000036,0.020000000000000018,7220.4514,0.14285714285714296,0.12345679012345653,0.893334057043041,0.01575545074149982,0.08659465045594893
2006-03-17,0.08999999999999986,0.009999999999999953,7222.701,0.3214285714285709,0.06172839506172793,0.8936123837269828,0.01773040443902727,0.08666500920372285
2006-03-20,0.08000000000000007,0.019999999999999962,7229.449799999999,0.2857142857142859,0.1234567901234562,0.8944473637788077,0.03155017156186258,0.0867902082972223
2006-03-21,0.009999999999999787,0.07,7231.6993999999995,0.03571428571428495,0.4320987654320975,0.8947256904627494,0.013807495223190242,0.08684499994493337
2006-03-22,0.019999999999999574,0.02999999999999997,7233.949,0.0714285714285699,0.18518518518518445,0.8950040171466911,0.011838677475485032,0.08689197882380435
2006-03-23,0.040000000000000036,0.020000000000000018,7234.358257142857,0.14285714285714296,0.12345679012345653,0.8950546515632323,0.015785796323866508,0.08695462087270858
2006-03-24,0.09000000000000075,0.010000000000000009,7234.767514285714,0.32142857142857406,0.06172839506172827,0.8951052859797733,0.0177600255154718,0.08702509716443664
2006-03-27,0.1899999999999995,0.06,7235.995285714285,0.6785714285714267,0.37037037037036924,0.8952571892293966,0.22499849993860369,0.08791794835466919
2006-03-28,0.0600000000000005,0.06,7236.404542857143,0.21428571428571605,0.37037037037036924,0.8953078236459378,0.0710561764798367,0.08819991730895425
2006-03-29,0.0,0.08999999999999997,7236.8138,0.0,0.5555555555555537,0.8953584580624788,0.0,0.08819991730895425
2006-03-30,0.0699999999999994,0.08000000000000002,7240.073528571428,0.2499999999999978,0.4938271604938258,0.8957617606246391,0.11058787168205293,0.08863875806959733
2006-03-31,0.3099999999999996,0.06,7243.333257142857,1.1071428571428557,0.37037037037036924,0.8961650631867993,0.36747509204749546,0.09009699256184929
2006-04-03,0.17999999999999972,0.0,7253.112442857143,0.6428571428571418,0.0,0.89737497087328,0.0,0.09009699256184929
2006-04-04,0.0,0.020000000000000018,7256.372171428572,0.0,0.12345679012345653,0.8977782734354404,0.0,0.09009699256184929
2006-04-05,0.2400000000000002,0.009999999999999953,7259.6319,0.8571428571428579,0.06172839506172793,0.8981815759976005,0.04752283470886743,0.09028557523926543
2006-04-06,0.2400000000000002,0.02999999999999997,7264.7814285714285,0.8571428571428579,0.18518518518518445,0.8988186898005648,0.1426696333016765,0.09085172457776415
2006-04-07,0.2400000000000002,0.019999999999999962,7269.930957142858,0.8571428571428579,0.1234567901234562,0.8994558036035293,0.09518050831783341,0.09122942500759683
2006-04-10,0.020000000000000462,0.010000000000000009,7285.379542857143,0.07142857142857308,0.06172839506172827,0.9013671450124223,0.0039742819444993,0.09124519596769405
2006-04-11,0.019999999999999574,0.019999999999999962,7290.529071428572,0.0714285714285699,0.1234567901234562,0.9020042588153867,0.00795418217650232,0.09127676018268017
2006-04-12,0.020000000000000462,0.02999999999999997,7295.6786,0.07142857142857308,0.18518518518518445,0.902641372618351,0.011939700696010162,0.09132413994734688
2006-04-13,0.0600000000000005,0.03999999999999998,7301.115928571428,0.21428571428571605,0.24691358024691273,0.9033140938269156,0.047794396498778834,0.09151380025091346
2006-04-18,0.10000000000000053,0.0,7328.302571428571,0.35714285714285904,0.0,0.9066776998697389,0.0,0.09151380025091346
2006-04-19,0.09999999999999964,0.02999999999999997,7333.7399,0.3571428571428558,0.18518518518518445,0.9073504210783035,0.06000994848401433,0.09175193496711986
2006-04-20,0.0699999999999994,0.020000000000000018,7334.632771428571,0.2499999999999978,0.12345679012345653,0.9074608895811043,0.028008052147564643,0.0918630780311975
2006-04-25,0.009999999999999787,0.02999999999999997,7339.097128571429,0.03571428571428495,0.18518518518518445,0.908013232095108,0.006005378519147387,0.09188690889833698
2006-04-26,0.009999999999999787,0.0,7339.99,0.03571428571428495,0.0,0.9081237005979087,0.0,0.09188690889833698
2006-04-27,0.04999999999999982,0.010000000000000009,7342.271042857143,0.1785714285714279,0.06172839506172827,0.9084059174784019,0.010013292741163984,0.0919266441869924
2006-04-28,0.1200000000000001,0.010000000000000009,7344.552085714286,0.42857142857142894,0.06172839506172827,0.9086881343588951,0.024039368633833172,0.09202203850696793
2006-05-02,0.0,0.020000000000000018,7353.676257142857,0.0,0.12345679012345653,0.9098170018808678,0.0,0.09202203850696793
2006-05-03,0.05000000000000071,0.010000000000000009,7355.9573,0.1785714285714311,0.06172839506172827,0.9100992187613609,0.010031957878762918,0.09206184786362968
2006-05-04,0.03000000000000025,0.010000000000000009,7357.084585714286,0.10714285714285803,0.06172839506172827,0.9102386896427229,0.006020097153721749,0.09208573713804921
2006-05-05,0.03000000000000025,0.010000000000000009,7358.211871428572,0.10714285714285803,0.06172839506172827,0.9103781605240849,0.006021019580185784,0.09210963007289122
2006-05-09,0.04999999999999982,0.06,7362.721014285714,0.1785714285714279,0.37037037037036924,0.9109360440495329,0.06024709286041843,0.09234870583821034
2006-05-10,0.04999999999999982,0.04999999999999999,7363.8483,0.1785714285714279,0.308641975308641,0.9110755149308949,0.05021359760421564,0.09254796614616358
2006-05-11,0.16000000000000014,0.010000000000000009,7368.0797999999995,0.5714285714285718,0.06172839506172827,0.9115990477203237,0.0321551692317574,0.09267556602406737
2006-05-12,0.17999999999999972,0.019999999999999962,7372.311299999999,0.6428571428571418,0.1234567901234562,0.9121225805097526,0.07239068099283705,0.09296283063118181
2006-05-15,0.1299999999999999,0.020000000000000018,7385.0058,0.46428571428571386,0.12345679012345653,0.9136931788780392,0.05237218397449063,0.09317065675806471
2006-05-16,0.009999999999999787,0.06,7389.2373,0.03571428571428495,0.37037037037036924,0.9142167116674681,0.012092813646394786,0.09321864411380437
2006-05-17,0.04999999999999982,0.06,7393.4688,0.1785714285714279,0.37037037037036924,0.9147402444568971,0.06049869341646104,0.09345871829402842
2006-05-18,0.009999999999999787,0.010000000000000009,7397.258457142857,0.03571428571428495,0.06172839506172827,0.9152091112358121,0.0020176567708020073,0.09346672486851573
2006-05-19,0.009999999999999787,0.03999999999999998,7401.048114285714,0.03571428571428495,0.24691358024691273,0.9156779780147272,0.008074761710888046,0.09349876757371767
2006-05-22,0.040000000000000036,0.07,7412.417085714285,0.14285714285714296,0.4320987654320975,0.9170845783514723,0.05661015915749817,0.0937234110624379
2006-05-23,0.05999999999999961,0.02999999999999997,7416.206742857143,0.21428571428571286,0.18518518518518445,0.9175534451303874,0.03641085099723721,0.09386789856639519
2006-05-24,0.09999999999999964,0.04999999999999999,7419.9964,0.3571428571428558,0.308641975308641,0.9180223119093024,0.10119293561610407,0.09426945783471306
2006-05-25,0.009999999999999787,0.040000000000000036,7420.106642857143,0.03571428571428495,0.24691358024691307,0.9180359514580475,0.00809555512749582,0.09430158305347297
2006-05-26,0.009999999999999787,0.020000000000000018,7420.216885714286,0.03571428571428495,0.12345679012345653,0.9180495910067925,0.004047837702851724,0.09431764590150016
2006-05-30,0.009999999999999787,0.020000000000000018,7420.657857142857,0.03571428571428495,0.12345679012345653,0.9181041492017726,0.00404807825926698,0.0943337097041163
2006-05-31,0.05999999999999961,0.010000000000000009,7420.7681,0.21428571428571286,0.06172839506172827,0.9181177887505177,0.012144415195112564,0.09438190182790643
2006-06-01,0.02999999999999936,0.040000000000000036,7420.236742857143,0.10714285714285485,0.24691358024691307,0.9180520477869863,0.024287091211295363,0.09447827917398299
2006-06-02,0.020000000000000462,0.06999999999999995,7419.7053857142855,0.07142857142857308,0.4320987654320972,0.917986306823455,0.02833291070442817,0.09459071135931803
2006-06-06,0.02999999999999936,0.020000000000000018,7417.579957142857,0.10714285714285485,0.12345679012345653,0.9177233429693294,0.012139197658324177,0.0946388827785971
2006-06-07,0.020000000000000462,0.040000000000000036,7417.0486,0.07142857142857308,0.24691358024691307,0.9176576020057982,0.01618443742514669,0.09470310673663339
2006-06-08,0.04999999999999982,0.0,7420.2444857142855,0.1785714285714279,0.0,0.9180530057545151,0.0,0.09470310673663339
2006-06-09,0.03000000000000025,0.019999999999999907,7423.440371428572,0.10714285714285803,0.12345679012345585,0.9184484095032321,0.012148788485492496,0.09475131621475043
2006-06-12,0.019999999999999574,0.0,7433.028028571428,0.0714285714285699,0.0,0.919634620749383,0.0,0.09475131621475043
2006-06-13,0.019999999999999574,0.030000000000000027,7436.223914285714,0.0714285714285699,0.18518518518518481,0.9200300244981,0.012169709318757651,0.09479960871204708
2006-06-14,0.0,0.029999999999999916,7439.4198,0.0,0.18518518518518412,0.920425428246817,0.0,0.09479960871204708
2006-06-15,0.019999999999999574,0.12,7439.9601999999995,0.0714285714285699,0.7407407407407385,0.9204922880174438,0.04870329566229742,0.09499287575832605
2006-06-16,0.05999999999999961,0.09999999999999998,7440.500599999999,0.21428571428571286,0.617283950617282,0.9205591477880706,0.12176708304074889,0.09547607846880521
2006-06-19,0.04999999999999982,0.09999999999999998,7442.1218,0.1785714285714279,0.617283950617282,0.920759727099951,0.10149467891313324,0.09587883513115891
2006-06-20,0.09999999999999964,0.07999999999999996,7442.6622,0.3571428571428558,0.49382716049382547,0.9208265868705778,0.1624032781076845,0.09652329258396719
2006-06-21,0.03000000000000025,0.09000000000000008,7443.2026,0.10714285714285803,0.5555555555555544,0.9208934466412046,0.05481508610959585,0.09674081276694178
2006-06-22,0.040000000000000036,0.010000000000000009,7441.602685714285,0.14285714285714296,0.06172839506172827,0.9206955008562945,0.008119007944059023,0.09677303105243408
2006-06-23,0.040000000000000036,0.020000000000000018,7440.002771428572,0.14285714285714296,0.12345679012345653,0.9204975550713845,0.01623452478080041,0.09683745376981821
2006-06-26,0.1200000000000001,0.030000000000000027,7435.203028571428,0.42857142857142894,0.18518518518518481,0.9199037177166541,0.07300823156481374,0.09712716897444049
2006-06-27,0.03999999999999915,0.06000000000000005,7433.603114285715,0.1428571428571398,0.37037037037036963,0.9197057719317441,0.04866168105458849,0.09732027088338727
2006-06-28,0.07999999999999918,0.040000000000000036,7432.0032,0.28571428571428276,0.24691358024691307,0.919507826146834,0.06486827697684815,0.09757768468091445
2006-06-29,0.09999999999999964,0.040000000000000036,7432.886642857143,0.3571428571428558,0.24691358024691307,0.9196171281209096,0.08109498484311325,0.09789949017632363
2006-06-30,0.0699999999999994,0.030000000000000027,7433.770085714285,0.2499999999999978,0.18518518518518481,0.9197264300949852,0.04257992731921182,0.09806845814187605
