Case,Combination_id,Event_date,Preloaded_cutoff,Ductile_lead_cutoff_days,Onset_fraction,Nearest_observation_date,Pi_at_event,Pi_final,Pct_of_max,First_crossing_date,Lead_days,Label,Baseline_label,Retains_baseline_label
2008 Financial,1,2008-09-15,0.7,200,0.05,2008-09-15,0.6279875138,1.2578919304,49.9238049501,2007-04-25,509,Ductile,Ductile,Yes
2008 Financial,2,2008-09-15,0.7,200,0.1,2008-09-15,0.6279875138,1.2578919304,49.9238049501,2007-08-16,396,Ductile,Ductile,Yes
2008 Financial,3,2008-09-15,0.7,200,0.15,2008-09-15,0.6279875138,1.2578919304,49.9238049501,2007-08-22,390,Ductile,Ductile,Yes
2008 Financial,4,2008-09-15,0.7,200,0.2,2008-09-15,0.6279875138,1.2578919304,49.9238049501,2007-09-20,361,Ductile,Ductile,Yes
2008 Financial,5,2008-09-15,0.7,250,0.05,2008-09-15,0.6279875138,1.2578919304,49.9238049501,2007-04-25,509,Ductile,Ductile,Yes
2008 Financial,6,2008-09-15,0.7,250,0.1,2008-09-15,0.6279875138,1.2578919304,49.9238049501,2007-08-16,396,Ductile,Ductile,Yes
2008 Financial,7,2008-09-15,0.7,250,0.15,2008-09-15,0.6279875138,1.2578919304,49.9238049501,2007-08-22,390,Ductile,Ductile,Yes
2008 Financial,8,2008-09-15,0.7,250,0.2,2008-09-15,0.6279875138,1.2578919304,49.9238049501,2007-09-20,361,Ductile,Ductile,Yes
2008 Financial,9,2008-09-15,0.7,300,0.05,2008-09-15,0.6279875138,1.2578919304,49.9238049501,2007-04-25,509,Ductile,Ductile,Yes
2008 Financial,10,2008-09-15,0.7,300,0.1,2008-09-15,0.6279875138,1.2578919304,49.9238049501,2007-08-16,396,Ductile,Ductile,Yes
2008 Financial,11,2008-09-15,0.7,300,0.15,2008-09-15,0.6279875138,1.2578919304,49.9238049501,2007-08-22,390,Ductile,Ductile,Yes
2008 Financial,12,2008-09-15,0.7,300,0.2,2008-09-15,0.6279875138,1.2578919304,49.9238049501,2007-09-20,361,Ductile,Ductile,Yes
2008 Financial,13,2008-09-15,0.7,350,0.05,2008-09-15,0.6279875138,1.2578919304,49.9238049501,2007-04-25,509,Ductile,Ductile,Yes
2008 Financial,14,2008-09-15,0.7,350,0.1,2008-09-15,0.6279875138,1.2578919304,49.9238049501,2007-08-16,396,Ductile,Ductile,Yes
2008 Financial,15,2008-09-15,0.7,350,0.15,2008-09-15,0.6279875138,1.2578919304,49.9238049501,2007-08-22,390,Ductile,Ductile,Yes
2008 Financial,16,2008-09-15,0.7,350,0.2,2008-09-15,0.6279875138,1.2578919304,49.9238049501,2007-09-20,361,Ductile,Ductile,Yes
2008 Financial,17,2008-09-15,0.7,400,0.05,2008-09-15,0.6279875138,1.2578919304,49.9238049501,2007-04-25,509,Ductile,Ductile,Yes
2008 Financial,18,2008-09-15,0.7,400,0.1,2008-09-15,0.6279875138,1.2578919304,49.9238049501,2007-08-16,396,Brittle,Ductile,No
2008 Financial,19,2008-09-15,0.7,400,0.15,2008-09-15,0.6279875138,1.2578919304,49.9238049501,2007-08-22,390,Brittle,Ductile,No
2008 Financial,20,2008-09-15,0.7,400,0.2,2008-09-15,0.6279875138,1.2578919304,49.9238049501,2007-09-20,361,Brittle,Ductile,No
2008 Financial,21,2008-09-15,0.75,200,0.05,2008-09-15,0.6279875138,1.2578919304,49.9238049501,2007-04-25,509,Ductile,Ductile,Yes
2008 Financial,22,2008-09-15,0.75,200,0.1,2008-09-15,0.6279875138,1.2578919304,49.9238049501,2007-08-16,396,Ductile,Ductile,Yes
2008 Financial,23,2008-09-15,0.75,200,0.15,2008-09-15,0.6279875138,1.2578919304,49.9238049501,2007-08-22,390,Ductile,Ductile,Yes
2008 Financial,24,2008-09-15,0.75,200,0.2,2008-09-15,0.6279875138,1.2578919304,49.9238049501,2007-09-20,361,Ductile,Ductile,Yes
2008 Financial,25,2008-09-15,0.75,250,0.05,2008-09-15,0.6279875138,1.2578919304,49.9238049501,2007-04-25,509,Ductile,Ductile,Yes
2008 Financial,26,2008-09-15,0.75,250,0.1,2008-09-15,0.6279875138,1.2578919304,49.9238049501,2007-08-16,396,Ductile,Ductile,Yes
2008 Financial,27,2008-09-15,0.75,250,0.15,2008-09-15,0.6279875138,1.2578919304,49.9238049501,2007-08-22,390,Ductile,Ductile,Yes
2008 Financial,28,2008-09-15,0.75,250,0.2,2008-09-15,0.6279875138,1.2578919304,49.9238049501,2007-09-20,361,Ductile,Ductile,Yes
2008 Financial,29,2008-09-15,0.75,300,0.05,2008-09-15,0.6279875138,1.2578919304,49.9238049501,2007-04-25,509,Ductile,Ductile,Yes
2008 Financial,30,2008-09-15,0.75,300,0.1,2008-09-15,0.6279875138,1.2578919304,49.9238049501,2007-08-16,396,Ductile,Ductile,Yes
2008 Financial,31,2008-09-15,0.75,300,0.15,2008-09-15,0.6279875138,1.2578919304,49.9238049501,2007-08-22,390,Ductile,Ductile,Yes
2008 Financial,32,2008-09-15,0.75,300,0.2,2008-09-15,0.6279875138,1.2578919304,49.9238049501,2007-09-20,361,Ductile,Ductile,Yes
2008 Financial,33,2008-09-15,0.75,350,0.05,2008-09-15,0.6279875138,1.2578919304,49.9238049501,2007-04-25,509,Ductile,Ductile,Yes
2008 Financial,34,2008-09-15,0.75,350,0.1,2008-09-15,0.6279875138,1.2578919304,49.9238049501,2007-08-16,396,Ductile,Ductile,Yes
2008 Financial,35,2008-09-15,0.75,350,0.15,2008-09-15,0.6279875138,1.2578919304,49.9238049501,2007-08-22,390,Ductile,Ductile,Yes
2008 Financial,36,2008-09-15,0.75,350,0.2,2008-09-15,0.6279875138,1.2578919304,49.9238049501,2007-09-20,361,Ductile,Ductile,Yes
2008 Financial,37,2008-09-15,0.75,400,0.05,2008-09-15,0.6279875138,1.2578919304,49.9238049501,2007-04-25,509,Ductile,Ductile,Yes
2008 Financial,38,2008-09-15,0.75,400,0.1,2008-09-15,0.6279875138,1.2578919304,49.9238049501,2007-08-16,396,Brittle,Ductile,No
2008 Financial,39,2008-09-15,0.75,400,0.15,2008-09-15,0.6279875138,1.2578919304,49.9238049501,2007-08-22,390,Brittle,Ductile,No
2008 Financial,40,2008-09-15,0.75,400,0.2,2008-09-15,0.6279875138,1.2578919304,49.9238049501,2007-09-20,361,Brittle,Ductile,No
2008 Financial,41,2008-09-15,0.8,200,0.05,2008-09-15,0.6279875138,1.2578919304,49.9238049501,2007-04-25,509,Ductile,Ductile,Yes
2008 Financial,42,2008-09-15,0.8,200,0.1,2008-09-15,0.6279875138,1.2578919304,49.9238049501,2007-08-16,396,Ductile,Ductile,Yes
2008 Financial,43,2008-09-15,0.8,200,0.15,2008-09-15,0.6279875138,1.2578919304,49.9238049501,2007-08-22,390,Ductile,Ductile,Yes
2008 Financial,44,2008-09-15,0.8,200,0.2,2008-09-15,0.6279875138,1.2578919304,49.9238049501,2007-09-20,361,Ductile,Ductile,Yes
2008 Financial,45,2008-09-15,0.8,250,0.05,2008-09-15,0.6279875138,1.2578919304,49.9238049501,2007-04-25,509,Ductile,Ductile,Yes
2008 Financial,46,2008-09-15,0.8,250,0.1,2008-09-15,0.6279875138,1.2578919304,49.9238049501,2007-08-16,396,Ductile,Ductile,Yes
2008 Financial,47,2008-09-15,0.8,250,0.15,2008-09-15,0.6279875138,1.2578919304,49.9238049501,2007-08-22,390,Ductile,Ductile,Yes
2008 Financial,48,2008-09-15,0.8,250,0.2,2008-09-15,0.6279875138,1.2578919304,49.9238049501,2007-09-20,361,Ductile,Ductile,Yes
2008 Financial,49,2008-09-15,0.8,300,0.05,2008-09-15,0.6279875138,1.2578919304,49.9238049501,2007-04-25,509,Ductile,Ductile,Yes
2008 Financial,50,2008-09-15,0.8,300,0.1,2008-09-15,0.6279875138,1.2578919304,49.9238049501,2007-08-16,396,Ductile,Ductile,Yes
2008 Financial,51,2008-09-15,0.8,300,0.15,2008-09-15,0.6279875138,1.2578919304,49.9238049501,2007-08-22,390,Ductile,Ductile,Yes
2008 Financial,52,2008-09-15,0.8,300,0.2,2008-09-15,0.6279875138,1.2578919304,49.9238049501,2007-09-20,361,Ductile,Ductile,Yes
2008 Financial,53,2008-09-15,0.8,350,0.05,2008-09-15,0.6279875138,1.2578919304,49.9238049501,2007-04-25,509,Ductile,Ductile,Yes
2008 Financial,54,2008-09-15,0.8,350,0.1,2008-09-15,0.6279875138,1.2578919304,49.9238049501,2007-08-16,396,Ductile,Ductile,Yes
2008 Financial,55,2008-09-15,0.8,350,0.15,2008-09-15,0.6279875138,1.2578919304,49.9238049501,2007-08-22,390,Ductile,Ductile,Yes
2008 Financial,56,2008-09-15,0.8,350,0.2,2008-09-15,0.6279875138,1.2578919304,49.9238049501,2007-09-20,361,Ductile,Ductile,Yes
2008 Financial,57,2008-09-15,0.8,400,0.05,2008-09-15,0.6279875138,1.2578919304,49.9238049501,2007-04-25,509,Ductile,Ductile,Yes
2008 Financial,58,2008-09-15,0.8,400,0.1,2008-09-15,0.6279875138,1.2578919304,49.9238049501,2007-08-16,396,Brittle,Ductile,No
2008 Financial,59,2008-09-15,0.8,400,0.15,2008-09-15,0.6279875138,1.2578919304,49.9238049501,2007-08-22,390,Brittle,Ductile,No
2008 Financial,60,2008-09-15,0.8,400,0.2,2008-09-15,0.6279875138,1.2578919304,49.9238049501,2007-09-20,361,Brittle,Ductile,No
2008 Financial,61,2008-09-15,0.85,200,0.05,2008-09-15,0.6279875138,1.2578919304,49.9238049501,2007-04-25,509,Ductile,Ductile,Yes
2008 Financial,62,2008-09-15,0.85,200,0.1,2008-09-15,0.6279875138,1.2578919304,49.9238049501,2007-08-16,396,Ductile,Ductile,Yes
2008 Financial,63,2008-09-15,0.85,200,0.15,2008-09-15,0.6279875138,1.2578919304,49.9238049501,2007-08-22,390,Ductile,Ductile,Yes
2008 Financial,64,2008-09-15,0.85,200,0.2,2008-09-15,0.6279875138,1.2578919304,49.9238049501,2007-09-20,361,Ductile,Ductile,Yes
2008 Financial,65,2008-09-15,0.85,250,0.05,2008-09-15,0.6279875138,1.2578919304,49.9238049501,2007-04-25,509,Ductile,Ductile,Yes
2008 Financial,66,2008-09-15,0.85,250,0.1,2008-09-15,0.6279875138,1.2578919304,49.9238049501,2007-08-16,396,Ductile,Ductile,Yes
2008 Financial,67,2008-09-15,0.85,250,0.15,2008-09-15,0.6279875138,1.2578919304,49.9238049501,2007-08-22,390,Ductile,Ductile,Yes
2008 Financial,68,2008-09-15,0.85,250,0.2,2008-09-15,0.6279875138,1.2578919304,49.9238049501,2007-09-20,361,Ductile,Ductile,Yes
2008 Financial,69,2008-09-15,0.85,300,0.05,2008-09-15,0.6279875138,1.2578919304,49.9238049501,2007-04-25,509,Ductile,Ductile,Yes
2008 Financial,70,2008-09-15,0.85,300,0.1,2008-09-15,0.6279875138,1.2578919304,49.9238049501,2007-08-16,396,Ductile,Ductile,Yes
2008 Financial,71,2008-09-15,0.85,300,0.15,2008-09-15,0.6279875138,1.2578919304,49.9238049501,2007-08-22,390,Ductile,Ductile,Yes
2008 Financial,72,2008-09-15,0.85,300,0.2,2008-09-15,0.6279875138,1.2578919304,49.9238049501,2007-09-20,361,Ductile,Ductile,Yes
2008 Financial,73,2008-09-15,0.85,350,0.05,2008-09-15,0.6279875138,1.2578919304,49.9238049501,2007-04-25,509,Ductile,Ductile,Yes
2008 Financial,74,2008-09-15,0.85,350,0.1,2008-09-15,0.6279875138,1.2578919304,49.9238049501,2007-08-16,396,Ductile,Ductile,Yes
2008 Financial,75,2008-09-15,0.85,350,0.15,2008-09-15,0.6279875138,1.2578919304,49.9238049501,2007-08-22,390,Ductile,Ductile,Yes
2008 Financial,76,2008-09-15,0.85,350,0.2,2008-09-15,0.6279875138,1.2578919304,49.9238049501,2007-09-20,361,Ductile,Ductile,Yes
2008 Financial,77,2008-09-15,0.85,400,0.05,2008-09-15,0.6279875138,1.2578919304,49.9238049501,2007-04-25,509,Ductile,Ductile,Yes
2008 Financial,78,2008-09-15,0.85,400,0.1,2008-09-15,0.6279875138,1.2578919304,49.9238049501,2007-08-16,396,Brittle,Ductile,No
2008 Financial,79,2008-09-15,0.85,400,0.15,2008-09-15,0.6279875138,1.2578919304,49.9238049501,2007-08-22,390,Brittle,Ductile,No
2008 Financial,80,2008-09-15,0.85,400,0.2,2008-09-15,0.6279875138,1.2578919304,49.9238049501,2007-09-20,361,Brittle,Ductile,No
2008 Financial,81,2008-09-15,0.9,200,0.05,2008-09-15,0.6279875138,1.2578919304,49.9238049501,2007-04-25,509,Ductile,Ductile,Yes
2008 Financial,82,2008-09-15,0.9,200,0.1,2008-09-15,0.6279875138,1.2578919304,49.9238049501,2007-08-16,396,Ductile,Ductile,Yes
2008 Financial,83,2008-09-15,0.9,200,0.15,2008-09-15,0.6279875138,1.2578919304,49.9238049501,2007-08-22,390,Ductile,Ductile,Yes
2008 Financial,84,2008-09-15,0.9,200,0.2,2008-09-15,0.6279875138,1.2578919304,49.9238049501,2007-09-20,361,Ductile,Ductile,Yes
2008 Financial,85,2008-09-15,0.9,250,0.05,2008-09-15,0.6279875138,1.2578919304,49.9238049501,2007-04-25,509,Ductile,Ductile,Yes
2008 Financial,86,2008-09-15,0.9,250,0.1,2008-09-15,0.6279875138,1.2578919304,49.9238049501,2007-08-16,396,Ductile,Ductile,Yes
2008 Financial,87,2008-09-15,0.9,250,0.15,2008-09-15,0.6279875138,1.2578919304,49.9238049501,2007-08-22,390,Ductile,Ductile,Yes
2008 Financial,88,2008-09-15,0.9,250,0.2,2008-09-15,0.6279875138,1.2578919304,49.9238049501,2007-09-20,361,Ductile,Ductile,Yes
2008 Financial,89,2008-09-15,0.9,300,0.05,2008-09-15,0.6279875138,1.2578919304,49.9238049501,2007-04-25,509,Ductile,Ductile,Yes
2008 Financial,90,2008-09-15,0.9,300,0.1,2008-09-15,0.6279875138,1.2578919304,49.9238049501,2007-08-16,396,Ductile,Ductile,Yes
2008 Financial,91,2008-09-15,0.9,300,0.15,2008-09-15,0.6279875138,1.2578919304,49.9238049501,2007-08-22,390,Ductile,Ductile,Yes
2008 Financial,92,2008-09-15,0.9,300,0.2,2008-09-15,0.6279875138,1.2578919304,49.9238049501,2007-09-20,361,Ductile,Ductile,Yes
2008 Financial,93,2008-09-15,0.9,350,0.05,2008-09-15,0.6279875138,1.2578919304,49.9238049501,2007-04-25,509,Ductile,Ductile,Yes
2008 Financial,94,2008-09-15,0.9,350,0.1,2008-09-15,0.6279875138,1.2578919304,49.9238049501,2007-08-16,396,Ductile,Ductile,Yes
2008 Financial,95,2008-09-15,0.9,350,0.15,2008-09-15,0.6279875138,1.2578919304,49.9238049501,2007-08-22,390,Ductile,Ductile,Yes
2008 Financial,96,2008-09-15,0.9,350,0.2,2008-09-15,0.6279875138,1.2578919304,49.9238049501,2007-09-20,361,Ductile,Ductile,Yes
2008 Financial,97,2008-09-15,0.9,400,0.05,2008-09-15,0.6279875138,1.2578919304,49.9238049501,2007-04-25,509,Ductile,Ductile,Yes
2008 Financial,98,2008-09-15,0.9,400,0.1,2008-09-15,0.6279875138,1.2578919304,49.9238049501,2007-08-16,396,Brittle,Ductile,No
2008 Financial,99,2008-09-15,0.9,400,0.15,2008-09-15,0.6279875138,1.2578919304,49.9238049501,2007-08-22,390,Brittle,Ductile,No
2008 Financial,100,2008-09-15,0.9,400,0.2,2008-09-15,0.6279875138,1.2578919304,49.9238049501,2007-09-20,361,Brittle,Ductile,No
Terra-Luna,1,2022-05-09,0.7,200,0.05,2022-05-09,0.072352753,0.0775641972,93.2811214662,2021-09-08,243,Pre-loaded,Pre-loaded,Yes
Terra-Luna,2,2022-05-09,0.7,200,0.1,2022-05-09,0.072352753,0.0775641972,93.2811214662,2021-09-21,230,Pre-loaded,Pre-loaded,Yes
Terra-Luna,3,2022-05-09,0.7,200,0.15,2022-05-09,0.072352753,0.0775641972,93.2811214662,2021-10-05,216,Pre-loaded,Pre-loaded,Yes
Terra-Luna,4,2022-05-09,0.7,200,0.2,2022-05-09,0.072352753,0.0775641972,93.2811214662,2021-11-04,186,Pre-loaded,Pre-loaded,Yes
Terra-Luna,5,2022-05-09,0.7,250,0.05,2022-05-09,0.072352753,0.0775641972,93.2811214662,2021-09-08,243,Pre-loaded,Pre-loaded,Yes
Terra-Luna,6,2022-05-09,0.7,250,0.1,2022-05-09,0.072352753,0.0775641972,93.2811214662,2021-09-21,230,Pre-loaded,Pre-loaded,Yes
Terra-Luna,7,2022-05-09,0.7,250,0.15,2022-05-09,0.072352753,0.0775641972,93.2811214662,2021-10-05,216,Pre-loaded,Pre-loaded,Yes
Terra-Luna,8,2022-05-09,0.7,250,0.2,2022-05-09,0.072352753,0.0775641972,93.2811214662,2021-11-04,186,Pre-loaded,Pre-loaded,Yes
Terra-Luna,9,2022-05-09,0.7,300,0.05,2022-05-09,0.072352753,0.0775641972,93.2811214662,2021-09-08,243,Pre-loaded,Pre-loaded,Yes
Terra-Luna,10,2022-05-09,0.7,300,0.1,2022-05-09,0.072352753,0.0775641972,93.2811214662,2021-09-21,230,Pre-loaded,Pre-loaded,Yes
Terra-Luna,11,2022-05-09,0.7,300,0.15,2022-05-09,0.072352753,0.0775641972,93.2811214662,2021-10-05,216,Pre-loaded,Pre-loaded,Yes
Terra-Luna,12,2022-05-09,0.7,300,0.2,2022-05-09,0.072352753,0.0775641972,93.2811214662,2021-11-04,186,Pre-loaded,Pre-loaded,Yes
Terra-Luna,13,2022-05-09,0.7,350,0.05,2022-05-09,0.072352753,0.0775641972,93.2811214662,2021-09-08,243,Pre-loaded,Pre-loaded,Yes
Terra-Luna,14,2022-05-09,0.7,350,0.1,2022-05-09,0.072352753,0.0775641972,93.2811214662,2021-09-21,230,Pre-loaded,Pre-loaded,Yes
Terra-Luna,15,2022-05-09,0.7,350,0.15,2022-05-09,0.072352753,0.0775641972,93.2811214662,2021-10-05,216,Pre-loaded,Pre-loaded,Yes
Terra-Luna,16,2022-05-09,0.7,350,0.2,2022-05-09,0.072352753,0.0775641972,93.2811214662,2021-11-04,186,Pre-loaded,Pre-loaded,Yes
Terra-Luna,17,2022-05-09,0.7,400,0.05,2022-05-09,0.072352753,0.0775641972,93.2811214662,2021-09-08,243,Pre-loaded,Pre-loaded,Yes
Terra-Luna,18,2022-05-09,0.7,400,0.1,2022-05-09,0.072352753,0.0775641972,93.2811214662,2021-09-21,230,Pre-loaded,Pre-loaded,Yes
Terra-Luna,19,2022-05-09,0.7,400,0.15,2022-05-09,0.072352753,0.0775641972,93.2811214662,2021-10-05,216,Pre-loaded,Pre-loaded,Yes
Terra-Luna,20,2022-05-09,0.7,400,0.2,2022-05-09,0.072352753,0.0775641972,93.2811214662,2021-11-04,186,Pre-loaded,Pre-loaded,Yes
Terra-Luna,21,2022-05-09,0.75,200,0.05,2022-05-09,0.072352753,0.0775641972,93.2811214662,2021-09-08,243,Pre-loaded,Pre-loaded,Yes
Terra-Luna,22,2022-05-09,0.75,200,0.1,2022-05-09,0.072352753,0.0775641972,93.2811214662,2021-09-21,230,Pre-loaded,Pre-loaded,Yes
Terra-Luna,23,2022-05-09,0.75,200,0.15,2022-05-09,0.072352753,0.0775641972,93.2811214662,2021-10-05,216,Pre-loaded,Pre-loaded,Yes
Terra-Luna,24,2022-05-09,0.75,200,0.2,2022-05-09,0.072352753,0.0775641972,93.2811214662,2021-11-04,186,Pre-loaded,Pre-loaded,Yes
Terra-Luna,25,2022-05-09,0.75,250,0.05,2022-05-09,0.072352753,0.0775641972,93.2811214662,2021-09-08,243,Pre-loaded,Pre-loaded,Yes
Terra-Luna,26,2022-05-09,0.75,250,0.1,2022-05-09,0.072352753,0.0775641972,93.2811214662,2021-09-21,230,Pre-loaded,Pre-loaded,Yes
Terra-Luna,27,2022-05-09,0.75,250,0.15,2022-05-09,0.072352753,0.0775641972,93.2811214662,2021-10-05,216,Pre-loaded,Pre-loaded,Yes
Terra-Luna,28,2022-05-09,0.75,250,0.2,2022-05-09,0.072352753,0.0775641972,93.2811214662,2021-11-04,186,Pre-loaded,Pre-loaded,Yes
Terra-Luna,29,2022-05-09,0.75,300,0.05,2022-05-09,0.072352753,0.0775641972,93.2811214662,2021-09-08,243,Pre-loaded,Pre-loaded,Yes
Terra-Luna,30,2022-05-09,0.75,300,0.1,2022-05-09,0.072352753,0.0775641972,93.2811214662,2021-09-21,230,Pre-loaded,Pre-loaded,Yes
Terra-Luna,31,2022-05-09,0.75,300,0.15,2022-05-09,0.072352753,0.0775641972,93.2811214662,2021-10-05,216,Pre-loaded,Pre-loaded,Yes
Terra-Luna,32,2022-05-09,0.75,300,0.2,2022-05-09,0.072352753,0.0775641972,93.2811214662,2021-11-04,186,Pre-loaded,Pre-loaded,Yes
Terra-Luna,33,2022-05-09,0.75,350,0.05,2022-05-09,0.072352753,0.0775641972,93.2811214662,2021-09-08,243,Pre-loaded,Pre-loaded,Yes
Terra-Luna,34,2022-05-09,0.75,350,0.1,2022-05-09,0.072352753,0.0775641972,93.2811214662,2021-09-21,230,Pre-loaded,Pre-loaded,Yes
Terra-Luna,35,2022-05-09,0.75,350,0.15,2022-05-09,0.072352753,0.0775641972,93.2811214662,2021-10-05,216,Pre-loaded,Pre-loaded,Yes
Terra-Luna,36,2022-05-09,0.75,350,0.2,2022-05-09,0.072352753,0.0775641972,93.2811214662,2021-11-04,186,Pre-loaded,Pre-loaded,Yes
Terra-Luna,37,2022-05-09,0.75,400,0.05,2022-05-09,0.072352753,0.0775641972,93.2811214662,2021-09-08,243,Pre-loaded,Pre-loaded,Yes
Terra-Luna,38,2022-05-09,0.75,400,0.1,2022-05-09,0.072352753,0.0775641972,93.2811214662,2021-09-21,230,Pre-loaded,Pre-loaded,Yes
Terra-Luna,39,2022-05-09,0.75,400,0.15,2022-05-09,0.072352753,0.0775641972,93.2811214662,2021-10-05,216,Pre-loaded,Pre-loaded,Yes
Terra-Luna,40,2022-05-09,0.75,400,0.2,2022-05-09,0.072352753,0.0775641972,93.2811214662,2021-11-04,186,Pre-loaded,Pre-loaded,Yes
Terra-Luna,41,2022-05-09,0.8,200,0.05,2022-05-09,0.072352753,0.0775641972,93.2811214662,2021-09-08,243,Pre-loaded,Pre-loaded,Yes
Terra-Luna,42,2022-05-09,0.8,200,0.1,2022-05-09,0.072352753,0.0775641972,93.2811214662,2021-09-21,230,Pre-loaded,Pre-loaded,Yes
Terra-Luna,43,2022-05-09,0.8,200,0.15,2022-05-09,0.072352753,0.0775641972,93.2811214662,2021-10-05,216,Pre-loaded,Pre-loaded,Yes
Terra-Luna,44,2022-05-09,0.8,200,0.2,2022-05-09,0.072352753,0.0775641972,93.2811214662,2021-11-04,186,Pre-loaded,Pre-loaded,Yes
Terra-Luna,45,2022-05-09,0.8,250,0.05,2022-05-09,0.072352753,0.0775641972,93.2811214662,2021-09-08,243,Pre-loaded,Pre-loaded,Yes
Terra-Luna,46,2022-05-09,0.8,250,0.1,2022-05-09,0.072352753,0.0775641972,93.2811214662,2021-09-21,230,Pre-loaded,Pre-loaded,Yes
Terra-Luna,47,2022-05-09,0.8,250,0.15,2022-05-09,0.072352753,0.0775641972,93.2811214662,2021-10-05,216,Pre-loaded,Pre-loaded,Yes
Terra-Luna,48,2022-05-09,0.8,250,0.2,2022-05-09,0.072352753,0.0775641972,93.2811214662,2021-11-04,186,Pre-loaded,Pre-loaded,Yes
Terra-Luna,49,2022-05-09,0.8,300,0.05,2022-05-09,0.072352753,0.0775641972,93.2811214662,2021-09-08,243,Pre-loaded,Pre-loaded,Yes
Terra-Luna,50,2022-05-09,0.8,300,0.1,2022-05-09,0.072352753,0.0775641972,93.2811214662,2021-09-21,230,Pre-loaded,Pre-loaded,Yes
Terra-Luna,51,2022-05-09,0.8,300,0.15,2022-05-09,0.072352753,0.0775641972,93.2811214662,2021-10-05,216,Pre-loaded,Pre-loaded,Yes
Terra-Luna,52,2022-05-09,0.8,300,0.2,2022-05-09,0.072352753,0.0775641972,93.2811214662,2021-11-04,186,Pre-loaded,Pre-loaded,Yes
Terra-Luna,53,2022-05-09,0.8,350,0.05,2022-05-09,0.072352753,0.0775641972,93.2811214662,2021-09-08,243,Pre-loaded,Pre-loaded,Yes
Terra-Luna,54,2022-05-09,0.8,350,0.1,2022-05-09,0.072352753,0.0775641972,93.2811214662,2021-09-21,230,Pre-loaded,Pre-loaded,Yes
Terra-Luna,55,2022-05-09,0.8,350,0.15,2022-05-09,0.072352753,0.0775641972,93.2811214662,2021-10-05,216,Pre-loaded,Pre-loaded,Yes
Terra-Luna,56,2022-05-09,0.8,350,0.2,2022-05-09,0.072352753,0.0775641972,93.2811214662,2021-11-04,186,Pre-loaded,Pre-loaded,Yes
Terra-Luna,57,2022-05-09,0.8,400,0.05,2022-05-09,0.072352753,0.0775641972,93.2811214662,2021-09-08,243,Pre-loaded,Pre-loaded,Yes
Terra-Luna,58,2022-05-09,0.8,400,0.1,2022-05-09,0.072352753,0.0775641972,93.2811214662,2021-09-21,230,Pre-loaded,Pre-loaded,Yes
Terra-Luna,59,2022-05-09,0.8,400,0.15,2022-05-09,0.072352753,0.0775641972,93.2811214662,2021-10-05,216,Pre-loaded,Pre-loaded,Yes
Terra-Luna,60,2022-05-09,0.8,400,0.2,2022-05-09,0.072352753,0.0775641972,93.2811214662,2021-11-04,186,Pre-loaded,Pre-loaded,Yes
Terra-Luna,61,2022-05-09,0.85,200,0.05,2022-05-09,0.072352753,0.0775641972,93.2811214662,2021-09-08,243,Pre-loaded,Pre-loaded,Yes
Terra-Luna,62,2022-05-09,0.85,200,0.1,2022-05-09,0.072352753,0.0775641972,93.2811214662,2021-09-21,230,Pre-loaded,Pre-loaded,Yes
Terra-Luna,63,2022-05-09,0.85,200,0.15,2022-05-09,0.072352753,0.0775641972,93.2811214662,2021-10-05,216,Pre-loaded,Pre-loaded,Yes
Terra-Luna,64,2022-05-09,0.85,200,0.2,2022-05-09,0.072352753,0.0775641972,93.2811214662,2021-11-04,186,Pre-loaded,Pre-loaded,Yes
Terra-Luna,65,2022-05-09,0.85,250,0.05,2022-05-09,0.072352753,0.0775641972,93.2811214662,2021-09-08,243,Pre-loaded,Pre-loaded,Yes
Terra-Luna,66,2022-05-09,0.85,250,0.1,2022-05-09,0.072352753,0.0775641972,93.2811214662,2021-09-21,230,Pre-loaded,Pre-loaded,Yes
Terra-Luna,67,2022-05-09,0.85,250,0.15,2022-05-09,0.072352753,0.0775641972,93.2811214662,2021-10-05,216,Pre-loaded,Pre-loaded,Yes
Terra-Luna,68,2022-05-09,0.85,250,0.2,2022-05-09,0.072352753,0.0775641972,93.2811214662,2021-11-04,186,Pre-loaded,Pre-loaded,Yes
Terra-Luna,69,2022-05-09,0.85,300,0.05,2022-05-09,0.072352753,0.0775641972,93.2811214662,2021-09-08,243,Pre-loaded,Pre-loaded,Yes
Terra-Luna,70,2022-05-09,0.85,300,0.1,2022-05-09,0.072352753,0.0775641972,93.2811214662,2021-09-21,230,Pre-loaded,Pre-loaded,Yes
Terra-Luna,71,2022-05-09,0.85,300,0.15,2022-05-09,0.072352753,0.0775641972,93.2811214662,2021-10-05,216,Pre-loaded,Pre-loaded,Yes
Terra-Luna,72,2022-05-09,0.85,300,0.2,2022-05-09,0.072352753,0.0775641972,93.2811214662,2021-11-04,186,Pre-loaded,Pre-loaded,Yes
Terra-Luna,73,2022-05-09,0.85,350,0.05,2022-05-09,0.072352753,0.0775641972,93.2811214662,2021-09-08,243,Pre-loaded,Pre-loaded,Yes
Terra-Luna,74,2022-05-09,0.85,350,0.1,2022-05-09,0.072352753,0.0775641972,93.2811214662,2021-09-21,230,Pre-loaded,Pre-loaded,Yes
Terra-Luna,75,2022-05-09,0.85,350,0.15,2022-05-09,0.072352753,0.0775641972,93.2811214662,2021-10-05,216,Pre-loaded,Pre-loaded,Yes
Terra-Luna,76,2022-05-09,0.85,350,0.2,2022-05-09,0.072352753,0.0775641972,93.2811214662,2021-11-04,186,Pre-loaded,Pre-loaded,Yes
Terra-Luna,77,2022-05-09,0.85,400,0.05,2022-05-09,0.072352753,0.0775641972,93.2811214662,2021-09-08,243,Pre-loaded,Pre-loaded,Yes
Terra-Luna,78,2022-05-09,0.85,400,0.1,2022-05-09,0.072352753,0.0775641972,93.2811214662,2021-09-21,230,Pre-loaded,Pre-loaded,Yes
Terra-Luna,79,2022-05-09,0.85,400,0.15,2022-05-09,0.072352753,0.0775641972,93.2811214662,2021-10-05,216,Pre-loaded,Pre-loaded,Yes
Terra-Luna,80,2022-05-09,0.85,400,0.2,2022-05-09,0.072352753,0.0775641972,93.2811214662,2021-11-04,186,Pre-loaded,Pre-loaded,Yes
Terra-Luna,81,2022-05-09,0.9,200,0.05,2022-05-09,0.072352753,0.0775641972,93.2811214662,2021-09-08,243,Pre-loaded,Pre-loaded,Yes
Terra-Luna,82,2022-05-09,0.9,200,0.1,2022-05-09,0.072352753,0.0775641972,93.2811214662,2021-09-21,230,Pre-loaded,Pre-loaded,Yes
Terra-Luna,83,2022-05-09,0.9,200,0.15,2022-05-09,0.072352753,0.0775641972,93.2811214662,2021-10-05,216,Pre-loaded,Pre-loaded,Yes
Terra-Luna,84,2022-05-09,0.9,200,0.2,2022-05-09,0.072352753,0.0775641972,93.2811214662,2021-11-04,186,Pre-loaded,Pre-loaded,Yes
Terra-Luna,85,2022-05-09,0.9,250,0.05,2022-05-09,0.072352753,0.0775641972,93.2811214662,2021-09-08,243,Pre-loaded,Pre-loaded,Yes
Terra-Luna,86,2022-05-09,0.9,250,0.1,2022-05-09,0.072352753,0.0775641972,93.2811214662,2021-09-21,230,Pre-loaded,Pre-loaded,Yes
Terra-Luna,87,2022-05-09,0.9,250,0.15,2022-05-09,0.072352753,0.0775641972,93.2811214662,2021-10-05,216,Pre-loaded,Pre-loaded,Yes
Terra-Luna,88,2022-05-09,0.9,250,0.2,2022-05-09,0.072352753,0.0775641972,93.2811214662,2021-11-04,186,Pre-loaded,Pre-loaded,Yes
Terra-Luna,89,2022-05-09,0.9,300,0.05,2022-05-09,0.072352753,0.0775641972,93.2811214662,2021-09-08,243,Pre-loaded,Pre-loaded,Yes
Terra-Luna,90,2022-05-09,0.9,300,0.1,2022-05-09,0.072352753,0.0775641972,93.2811214662,2021-09-21,230,Pre-loaded,Pre-loaded,Yes
Terra-Luna,91,2022-05-09,0.9,300,0.15,2022-05-09,0.072352753,0.0775641972,93.2811214662,2021-10-05,216,Pre-loaded,Pre-loaded,Yes
Terra-Luna,92,2022-05-09,0.9,300,0.2,2022-05-09,0.072352753,0.0775641972,93.2811214662,2021-11-04,186,Pre-loaded,Pre-loaded,Yes
Terra-Luna,93,2022-05-09,0.9,350,0.05,2022-05-09,0.072352753,0.0775641972,93.2811214662,2021-09-08,243,Pre-loaded,Pre-loaded,Yes
Terra-Luna,94,2022-05-09,0.9,350,0.1,2022-05-09,0.072352753,0.0775641972,93.2811214662,2021-09-21,230,Pre-loaded,Pre-loaded,Yes
Terra-Luna,95,2022-05-09,0.9,350,0.15,2022-05-09,0.072352753,0.0775641972,93.2811214662,2021-10-05,216,Pre-loaded,Pre-loaded,Yes
Terra-Luna,96,2022-05-09,0.9,350,0.2,2022-05-09,0.072352753,0.0775641972,93.2811214662,2021-11-04,186,Pre-loaded,Pre-loaded,Yes
Terra-Luna,97,2022-05-09,0.9,400,0.05,2022-05-09,0.072352753,0.0775641972,93.2811214662,2021-09-08,243,Pre-loaded,Pre-loaded,Yes
Terra-Luna,98,2022-05-09,0.9,400,0.1,2022-05-09,0.072352753,0.0775641972,93.2811214662,2021-09-21,230,Pre-loaded,Pre-loaded,Yes
Terra-Luna,99,2022-05-09,0.9,400,0.15,2022-05-09,0.072352753,0.0775641972,93.2811214662,2021-10-05,216,Pre-loaded,Pre-loaded,Yes
Terra-Luna,100,2022-05-09,0.9,400,0.2,2022-05-09,0.072352753,0.0775641972,93.2811214662,2021-11-04,186,Pre-loaded,Pre-loaded,Yes
Fukushima,1,2011-03-11,0.7,200,0.05,2011-03-11,0.0644823818,0.140636697,45.8503244279,2010-07-08,246,Ductile,Brittle,No
Fukushima,2,2011-03-11,0.7,200,0.1,2011-03-11,0.0644823818,0.140636697,45.8503244279,2010-07-28,226,Ductile,Brittle,No
Fukushima,3,2011-03-11,0.7,200,0.15,2011-03-11,0.0644823818,0.140636697,45.8503244279,2010-08-13,210,Ductile,Brittle,No
Fukushima,4,2011-03-11,0.7,200,0.2,2011-03-11,0.0644823818,0.140636697,45.8503244279,2010-08-31,192,Brittle,Brittle,Yes
Fukushima,5,2011-03-11,0.7,250,0.05,2011-03-11,0.0644823818,0.140636697,45.8503244279,2010-07-08,246,Brittle,Brittle,Yes
Fukushima,6,2011-03-11,0.7,250,0.1,2011-03-11,0.0644823818,0.140636697,45.8503244279,2010-07-28,226,Brittle,Brittle,Yes
Fukushima,7,2011-03-11,0.7,250,0.15,2011-03-11,0.0644823818,0.140636697,45.8503244279,2010-08-13,210,Brittle,Brittle,Yes
Fukushima,8,2011-03-11,0.7,250,0.2,2011-03-11,0.0644823818,0.140636697,45.8503244279,2010-08-31,192,Brittle,Brittle,Yes
Fukushima,9,2011-03-11,0.7,300,0.05,2011-03-11,0.0644823818,0.140636697,45.8503244279,2010-07-08,246,Brittle,Brittle,Yes
Fukushima,10,2011-03-11,0.7,300,0.1,2011-03-11,0.0644823818,0.140636697,45.8503244279,2010-07-28,226,Brittle,Brittle,Yes
Fukushima,11,2011-03-11,0.7,300,0.15,2011-03-11,0.0644823818,0.140636697,45.8503244279,2010-08-13,210,Brittle,Brittle,Yes
Fukushima,12,2011-03-11,0.7,300,0.2,2011-03-11,0.0644823818,0.140636697,45.8503244279,2010-08-31,192,Brittle,Brittle,Yes
Fukushima,13,2011-03-11,0.7,350,0.05,2011-03-11,0.0644823818,0.140636697,45.8503244279,2010-07-08,246,Brittle,Brittle,Yes
Fukushima,14,2011-03-11,0.7,350,0.1,2011-03-11,0.0644823818,0.140636697,45.8503244279,2010-07-28,226,Brittle,Brittle,Yes
Fukushima,15,2011-03-11,0.7,350,0.15,2011-03-11,0.0644823818,0.140636697,45.8503244279,2010-08-13,210,Brittle,Brittle,Yes
Fukushima,16,2011-03-11,0.7,350,0.2,2011-03-11,0.0644823818,0.140636697,45.8503244279,2010-08-31,192,Brittle,Brittle,Yes
Fukushima,17,2011-03-11,0.7,400,0.05,2011-03-11,0.0644823818,0.140636697,45.8503244279,2010-07-08,246,Brittle,Brittle,Yes
Fukushima,18,2011-03-11,0.7,400,0.1,2011-03-11,0.0644823818,0.140636697,45.8503244279,2010-07-28,226,Brittle,Brittle,Yes
Fukushima,19,2011-03-11,0.7,400,0.15,2011-03-11,0.0644823818,0.140636697,45.8503244279,2010-08-13,210,Brittle,Brittle,Yes
Fukushima,20,2011-03-11,0.7,400,0.2,2011-03-11,0.0644823818,0.140636697,45.8503244279,2010-08-31,192,Brittle,Brittle,Yes
Fukushima,21,2011-03-11,0.75,200,0.05,2011-03-11,0.0644823818,0.140636697,45.8503244279,2010-07-08,246,Ductile,Brittle,No
Fukushima,22,2011-03-11,0.75,200,0.1,2011-03-11,0.0644823818,0.140636697,45.8503244279,2010-07-28,226,Ductile,Brittle,No
Fukushima,23,2011-03-11,0.75,200,0.15,2011-03-11,0.0644823818,0.140636697,45.8503244279,2010-08-13,210,Ductile,Brittle,No
Fukushima,24,2011-03-11,0.75,200,0.2,2011-03-11,0.0644823818,0.140636697,45.8503244279,2010-08-31,192,Brittle,Brittle,Yes
Fukushima,25,2011-03-11,0.75,250,0.05,2011-03-11,0.0644823818,0.140636697,45.8503244279,2010-07-08,246,Brittle,Brittle,Yes
Fukushima,26,2011-03-11,0.75,250,0.1,2011-03-11,0.0644823818,0.140636697,45.8503244279,2010-07-28,226,Brittle,Brittle,Yes
Fukushima,27,2011-03-11,0.75,250,0.15,2011-03-11,0.0644823818,0.140636697,45.8503244279,2010-08-13,210,Brittle,Brittle,Yes
Fukushima,28,2011-03-11,0.75,250,0.2,2011-03-11,0.0644823818,0.140636697,45.8503244279,2010-08-31,192,Brittle,Brittle,Yes
Fukushima,29,2011-03-11,0.75,300,0.05,2011-03-11,0.0644823818,0.140636697,45.8503244279,2010-07-08,246,Brittle,Brittle,Yes
Fukushima,30,2011-03-11,0.75,300,0.1,2011-03-11,0.0644823818,0.140636697,45.8503244279,2010-07-28,226,Brittle,Brittle,Yes
Fukushima,31,2011-03-11,0.75,300,0.15,2011-03-11,0.0644823818,0.140636697,45.8503244279,2010-08-13,210,Brittle,Brittle,Yes
Fukushima,32,2011-03-11,0.75,300,0.2,2011-03-11,0.0644823818,0.140636697,45.8503244279,2010-08-31,192,Brittle,Brittle,Yes
Fukushima,33,2011-03-11,0.75,350,0.05,2011-03-11,0.0644823818,0.140636697,45.8503244279,2010-07-08,246,Brittle,Brittle,Yes
Fukushima,34,2011-03-11,0.75,350,0.1,2011-03-11,0.0644823818,0.140636697,45.8503244279,2010-07-28,226,Brittle,Brittle,Yes
Fukushima,35,2011-03-11,0.75,350,0.15,2011-03-11,0.0644823818,0.140636697,45.8503244279,2010-08-13,210,Brittle,Brittle,Yes
Fukushima,36,2011-03-11,0.75,350,0.2,2011-03-11,0.0644823818,0.140636697,45.8503244279,2010-08-31,192,Brittle,Brittle,Yes
Fukushima,37,2011-03-11,0.75,400,0.05,2011-03-11,0.0644823818,0.140636697,45.8503244279,2010-07-08,246,Brittle,Brittle,Yes
Fukushima,38,2011-03-11,0.75,400,0.1,2011-03-11,0.0644823818,0.140636697,45.8503244279,2010-07-28,226,Brittle,Brittle,Yes
Fukushima,39,2011-03-11,0.75,400,0.15,2011-03-11,0.0644823818,0.140636697,45.8503244279,2010-08-13,210,Brittle,Brittle,Yes
Fukushima,40,2011-03-11,0.75,400,0.2,2011-03-11,0.0644823818,0.140636697,45.8503244279,2010-08-31,192,Brittle,Brittle,Yes
Fukushima,41,2011-03-11,0.8,200,0.05,2011-03-11,0.0644823818,0.140636697,45.8503244279,2010-07-08,246,Ductile,Brittle,No
Fukushima,42,2011-03-11,0.8,200,0.1,2011-03-11,0.0644823818,0.140636697,45.8503244279,2010-07-28,226,Ductile,Brittle,No
Fukushima,43,2011-03-11,0.8,200,0.15,2011-03-11,0.0644823818,0.140636697,45.8503244279,2010-08-13,210,Ductile,Brittle,No
Fukushima,44,2011-03-11,0.8,200,0.2,2011-03-11,0.0644823818,0.140636697,45.8503244279,2010-08-31,192,Brittle,Brittle,Yes
Fukushima,45,2011-03-11,0.8,250,0.05,2011-03-11,0.0644823818,0.140636697,45.8503244279,2010-07-08,246,Brittle,Brittle,Yes
Fukushima,46,2011-03-11,0.8,250,0.1,2011-03-11,0.0644823818,0.140636697,45.8503244279,2010-07-28,226,Brittle,Brittle,Yes
Fukushima,47,2011-03-11,0.8,250,0.15,2011-03-11,0.0644823818,0.140636697,45.8503244279,2010-08-13,210,Brittle,Brittle,Yes
Fukushima,48,2011-03-11,0.8,250,0.2,2011-03-11,0.0644823818,0.140636697,45.8503244279,2010-08-31,192,Brittle,Brittle,Yes
Fukushima,49,2011-03-11,0.8,300,0.05,2011-03-11,0.0644823818,0.140636697,45.8503244279,2010-07-08,246,Brittle,Brittle,Yes
Fukushima,50,2011-03-11,0.8,300,0.1,2011-03-11,0.0644823818,0.140636697,45.8503244279,2010-07-28,226,Brittle,Brittle,Yes
Fukushima,51,2011-03-11,0.8,300,0.15,2011-03-11,0.0644823818,0.140636697,45.8503244279,2010-08-13,210,Brittle,Brittle,Yes
Fukushima,52,2011-03-11,0.8,300,0.2,2011-03-11,0.0644823818,0.140636697,45.8503244279,2010-08-31,192,Brittle,Brittle,Yes
Fukushima,53,2011-03-11,0.8,350,0.05,2011-03-11,0.0644823818,0.140636697,45.8503244279,2010-07-08,246,Brittle,Brittle,Yes
Fukushima,54,2011-03-11,0.8,350,0.1,2011-03-11,0.0644823818,0.140636697,45.8503244279,2010-07-28,226,Brittle,Brittle,Yes
Fukushima,55,2011-03-11,0.8,350,0.15,2011-03-11,0.0644823818,0.140636697,45.8503244279,2010-08-13,210,Brittle,Brittle,Yes
Fukushima,56,2011-03-11,0.8,350,0.2,2011-03-11,0.0644823818,0.140636697,45.8503244279,2010-08-31,192,Brittle,Brittle,Yes
Fukushima,57,2011-03-11,0.8,400,0.05,2011-03-11,0.0644823818,0.140636697,45.8503244279,2010-07-08,246,Brittle,Brittle,Yes
Fukushima,58,2011-03-11,0.8,400,0.1,2011-03-11,0.0644823818,0.140636697,45.8503244279,2010-07-28,226,Brittle,Brittle,Yes
Fukushima,59,2011-03-11,0.8,400,0.15,2011-03-11,0.0644823818,0.140636697,45.8503244279,2010-08-13,210,Brittle,Brittle,Yes
Fukushima,60,2011-03-11,0.8,400,0.2,2011-03-11,0.0644823818,0.140636697,45.8503244279,2010-08-31,192,Brittle,Brittle,Yes
Fukushima,61,2011-03-11,0.85,200,0.05,2011-03-11,0.0644823818,0.140636697,45.8503244279,2010-07-08,246,Ductile,Brittle,No
Fukushima,62,2011-03-11,0.85,200,0.1,2011-03-11,0.0644823818,0.140636697,45.8503244279,2010-07-28,226,Ductile,Brittle,No
Fukushima,63,2011-03-11,0.85,200,0.15,2011-03-11,0.0644823818,0.140636697,45.8503244279,2010-08-13,210,Ductile,Brittle,No
Fukushima,64,2011-03-11,0.85,200,0.2,2011-03-11,0.0644823818,0.140636697,45.8503244279,2010-08-31,192,Brittle,Brittle,Yes
Fukushima,65,2011-03-11,0.85,250,0.05,2011-03-11,0.0644823818,0.140636697,45.8503244279,2010-07-08,246,Brittle,Brittle,Yes
Fukushima,66,2011-03-11,0.85,250,0.1,2011-03-11,0.0644823818,0.140636697,45.8503244279,2010-07-28,226,Brittle,Brittle,Yes
Fukushima,67,2011-03-11,0.85,250,0.15,2011-03-11,0.0644823818,0.140636697,45.8503244279,2010-08-13,210,Brittle,Brittle,Yes
Fukushima,68,2011-03-11,0.85,250,0.2,2011-03-11,0.0644823818,0.140636697,45.8503244279,2010-08-31,192,Brittle,Brittle,Yes
Fukushima,69,2011-03-11,0.85,300,0.05,2011-03-11,0.0644823818,0.140636697,45.8503244279,2010-07-08,246,Brittle,Brittle,Yes
Fukushima,70,2011-03-11,0.85,300,0.1,2011-03-11,0.0644823818,0.140636697,45.8503244279,2010-07-28,226,Brittle,Brittle,Yes
Fukushima,71,2011-03-11,0.85,300,0.15,2011-03-11,0.0644823818,0.140636697,45.8503244279,2010-08-13,210,Brittle,Brittle,Yes
Fukushima,72,2011-03-11,0.85,300,0.2,2011-03-11,0.0644823818,0.140636697,45.8503244279,2010-08-31,192,Brittle,Brittle,Yes
Fukushima,73,2011-03-11,0.85,350,0.05,2011-03-11,0.0644823818,0.140636697,45.8503244279,2010-07-08,246,Brittle,Brittle,Yes
Fukushima,74,2011-03-11,0.85,350,0.1,2011-03-11,0.0644823818,0.140636697,45.8503244279,2010-07-28,226,Brittle,Brittle,Yes
Fukushima,75,2011-03-11,0.85,350,0.15,2011-03-11,0.0644823818,0.140636697,45.8503244279,2010-08-13,210,Brittle,Brittle,Yes
Fukushima,76,2011-03-11,0.85,350,0.2,2011-03-11,0.0644823818,0.140636697,45.8503244279,2010-08-31,192,Brittle,Brittle,Yes
Fukushima,77,2011-03-11,0.85,400,0.05,2011-03-11,0.0644823818,0.140636697,45.8503244279,2010-07-08,246,Brittle,Brittle,Yes
Fukushima,78,2011-03-11,0.85,400,0.1,2011-03-11,0.0644823818,0.140636697,45.8503244279,2010-07-28,226,Brittle,Brittle,Yes
Fukushima,79,2011-03-11,0.85,400,0.15,2011-03-11,0.0644823818,0.140636697,45.8503244279,2010-08-13,210,Brittle,Brittle,Yes
Fukushima,80,2011-03-11,0.85,400,0.2,2011-03-11,0.0644823818,0.140636697,45.8503244279,2010-08-31,192,Brittle,Brittle,Yes
Fukushima,81,2011-03-11,0.9,200,0.05,2011-03-11,0.0644823818,0.140636697,45.8503244279,2010-07-08,246,Ductile,Brittle,No
Fukushima,82,2011-03-11,0.9,200,0.1,2011-03-11,0.0644823818,0.140636697,45.8503244279,2010-07-28,226,Ductile,Brittle,No
Fukushima,83,2011-03-11,0.9,200,0.15,2011-03-11,0.0644823818,0.140636697,45.8503244279,2010-08-13,210,Ductile,Brittle,No
Fukushima,84,2011-03-11,0.9,200,0.2,2011-03-11,0.0644823818,0.140636697,45.8503244279,2010-08-31,192,Brittle,Brittle,Yes
Fukushima,85,2011-03-11,0.9,250,0.05,2011-03-11,0.0644823818,0.140636697,45.8503244279,2010-07-08,246,Brittle,Brittle,Yes
Fukushima,86,2011-03-11,0.9,250,0.1,2011-03-11,0.0644823818,0.140636697,45.8503244279,2010-07-28,226,Brittle,Brittle,Yes
Fukushima,87,2011-03-11,0.9,250,0.15,2011-03-11,0.0644823818,0.140636697,45.8503244279,2010-08-13,210,Brittle,Brittle,Yes
Fukushima,88,2011-03-11,0.9,250,0.2,2011-03-11,0.0644823818,0.140636697,45.8503244279,2010-08-31,192,Brittle,Brittle,Yes
Fukushima,89,2011-03-11,0.9,300,0.05,2011-03-11,0.0644823818,0.140636697,45.8503244279,2010-07-08,246,Brittle,Brittle,Yes
Fukushima,90,2011-03-11,0.9,300,0.1,2011-03-11,0.0644823818,0.140636697,45.8503244279,2010-07-28,226,Brittle,Brittle,Yes
Fukushima,91,2011-03-11,0.9,300,0.15,2011-03-11,0.0644823818,0.140636697,45.8503244279,2010-08-13,210,Brittle,Brittle,Yes
Fukushima,92,2011-03-11,0.9,300,0.2,2011-03-11,0.0644823818,0.140636697,45.8503244279,2010-08-31,192,Brittle,Brittle,Yes
Fukushima,93,2011-03-11,0.9,350,0.05,2011-03-11,0.0644823818,0.140636697,45.8503244279,2010-07-08,246,Brittle,Brittle,Yes
Fukushima,94,2011-03-11,0.9,350,0.1,2011-03-11,0.0644823818,0.140636697,45.8503244279,2010-07-28,226,Brittle,Brittle,Yes
Fukushima,95,2011-03-11,0.9,350,0.15,2011-03-11,0.0644823818,0.140636697,45.8503244279,2010-08-13,210,Brittle,Brittle,Yes
Fukushima,96,2011-03-11,0.9,350,0.2,2011-03-11,0.0644823818,0.140636697,45.8503244279,2010-08-31,192,Brittle,Brittle,Yes
Fukushima,97,2011-03-11,0.9,400,0.05,2011-03-11,0.0644823818,0.140636697,45.8503244279,2010-07-08,246,Brittle,Brittle,Yes
Fukushima,98,2011-03-11,0.9,400,0.1,2011-03-11,0.0644823818,0.140636697,45.8503244279,2010-07-28,226,Brittle,Brittle,Yes
Fukushima,99,2011-03-11,0.9,400,0.15,2011-03-11,0.0644823818,0.140636697,45.8503244279,2010-08-13,210,Brittle,Brittle,Yes
Fukushima,100,2011-03-11,0.9,400,0.2,2011-03-11,0.0644823818,0.140636697,45.8503244279,2010-08-31,192,Brittle,Brittle,Yes
COVID-19,1,2020-03-23,0.7,200,0.05,2020-03-23,2.351855931,22.9154186667,10.2632029777,2020-03-19,4,Brittle,Brittle,Yes
COVID-19,2,2020-03-23,0.7,200,0.1,2020-03-23,2.351855931,22.9154186667,10.2632029777,2020-03-23,0,Brittle,Brittle,Yes
COVID-19,3,2020-03-23,0.7,200,0.15,2020-03-23,2.351855931,22.9154186667,10.2632029777,2020-03-25,-2,Brittle,Brittle,Yes
COVID-19,4,2020-03-23,0.7,200,0.2,2020-03-23,2.351855931,22.9154186667,10.2632029777,2020-03-27,-4,Brittle,Brittle,Yes
COVID-19,5,2020-03-23,0.7,250,0.05,2020-03-23,2.351855931,22.9154186667,10.2632029777,2020-03-19,4,Brittle,Brittle,Yes
COVID-19,6,2020-03-23,0.7,250,0.1,2020-03-23,2.351855931,22.9154186667,10.2632029777,2020-03-23,0,Brittle,Brittle,Yes
COVID-19,7,2020-03-23,0.7,250,0.15,2020-03-23,2.351855931,22.9154186667,10.2632029777,2020-03-25,-2,Brittle,Brittle,Yes
COVID-19,8,2020-03-23,0.7,250,0.2,2020-03-23,2.351855931,22.9154186667,10.2632029777,2020-03-27,-4,Brittle,Brittle,Yes
COVID-19,9,2020-03-23,0.7,300,0.05,2020-03-23,2.351855931,22.9154186667,10.2632029777,2020-03-19,4,Brittle,Brittle,Yes
COVID-19,10,2020-03-23,0.7,300,0.1,2020-03-23,2.351855931,22.9154186667,10.2632029777,2020-03-23,0,Brittle,Brittle,Yes
COVID-19,11,2020-03-23,0.7,300,0.15,2020-03-23,2.351855931,22.9154186667,10.2632029777,2020-03-25,-2,Brittle,Brittle,Yes
COVID-19,12,2020-03-23,0.7,300,0.2,2020-03-23,2.351855931,22.9154186667,10.2632029777,2020-03-27,-4,Brittle,Brittle,Yes
COVID-19,13,2020-03-23,0.7,350,0.05,2020-03-23,2.351855931,22.9154186667,10.2632029777,2020-03-19,4,Brittle,Brittle,Yes
COVID-19,14,2020-03-23,0.7,350,0.1,2020-03-23,2.351855931,22.9154186667,10.2632029777,2020-03-23,0,Brittle,Brittle,Yes
COVID-19,15,2020-03-23,0.7,350,0.15,2020-03-23,2.351855931,22.9154186667,10.2632029777,2020-03-25,-2,Brittle,Brittle,Yes
COVID-19,16,2020-03-23,0.7,350,0.2,2020-03-23,2.351855931,22.9154186667,10.2632029777,2020-03-27,-4,Brittle,Brittle,Yes
COVID-19,17,2020-03-23,0.7,400,0.05,2020-03-23,2.351855931,22.9154186667,10.2632029777,2020-03-19,4,Brittle,Brittle,Yes
COVID-19,18,2020-03-23,0.7,400,0.1,2020-03-23,2.351855931,22.9154186667,10.2632029777,2020-03-23,0,Brittle,Brittle,Yes
COVID-19,19,2020-03-23,0.7,400,0.15,2020-03-23,2.351855931,22.9154186667,10.2632029777,2020-03-25,-2,Brittle,Brittle,Yes
COVID-19,20,2020-03-23,0.7,400,0.2,2020-03-23,2.351855931,22.9154186667,10.2632029777,2020-03-27,-4,Brittle,Brittle,Yes
COVID-19,21,2020-03-23,0.75,200,0.05,2020-03-23,2.351855931,22.9154186667,10.2632029777,2020-03-19,4,Brittle,Brittle,Yes
COVID-19,22,2020-03-23,0.75,200,0.1,2020-03-23,2.351855931,22.9154186667,10.2632029777,2020-03-23,0,Brittle,Brittle,Yes
COVID-19,23,2020-03-23,0.75,200,0.15,2020-03-23,2.351855931,22.9154186667,10.2632029777,2020-03-25,-2,Brittle,Brittle,Yes
COVID-19,24,2020-03-23,0.75,200,0.2,2020-03-23,2.351855931,22.9154186667,10.2632029777,2020-03-27,-4,Brittle,Brittle,Yes
COVID-19,25,2020-03-23,0.75,250,0.05,2020-03-23,2.351855931,22.9154186667,10.2632029777,2020-03-19,4,Brittle,Brittle,Yes
COVID-19,26,2020-03-23,0.75,250,0.1,2020-03-23,2.351855931,22.9154186667,10.2632029777,2020-03-23,0,Brittle,Brittle,Yes
COVID-19,27,2020-03-23,0.75,250,0.15,2020-03-23,2.351855931,22.9154186667,10.2632029777,2020-03-25,-2,Brittle,Brittle,Yes
COVID-19,28,2020-03-23,0.75,250,0.2,2020-03-23,2.351855931,22.9154186667,10.2632029777,2020-03-27,-4,Brittle,Brittle,Yes
COVID-19,29,2020-03-23,0.75,300,0.05,2020-03-23,2.351855931,22.9154186667,10.2632029777,2020-03-19,4,Brittle,Brittle,Yes
COVID-19,30,2020-03-23,0.75,300,0.1,2020-03-23,2.351855931,22.9154186667,10.2632029777,2020-03-23,0,Brittle,Brittle,Yes
COVID-19,31,2020-03-23,0.75,300,0.15,2020-03-23,2.351855931,22.9154186667,10.2632029777,2020-03-25,-2,Brittle,Brittle,Yes
COVID-19,32,2020-03-23,0.75,300,0.2,2020-03-23,2.351855931,22.9154186667,10.2632029777,2020-03-27,-4,Brittle,Brittle,Yes
COVID-19,33,2020-03-23,0.75,350,0.05,2020-03-23,2.351855931,22.9154186667,10.2632029777,2020-03-19,4,Brittle,Brittle,Yes
COVID-19,34,2020-03-23,0.75,350,0.1,2020-03-23,2.351855931,22.9154186667,10.2632029777,2020-03-23,0,Brittle,Brittle,Yes
COVID-19,35,2020-03-23,0.75,350,0.15,2020-03-23,2.351855931,22.9154186667,10.2632029777,2020-03-25,-2,Brittle,Brittle,Yes
COVID-19,36,2020-03-23,0.75,350,0.2,2020-03-23,2.351855931,22.9154186667,10.2632029777,2020-03-27,-4,Brittle,Brittle,Yes
COVID-19,37,2020-03-23,0.75,400,0.05,2020-03-23,2.351855931,22.9154186667,10.2632029777,2020-03-19,4,Brittle,Brittle,Yes
COVID-19,38,2020-03-23,0.75,400,0.1,2020-03-23,2.351855931,22.9154186667,10.2632029777,2020-03-23,0,Brittle,Brittle,Yes
COVID-19,39,2020-03-23,0.75,400,0.15,2020-03-23,2.351855931,22.9154186667,10.2632029777,2020-03-25,-2,Brittle,Brittle,Yes
COVID-19,40,2020-03-23,0.75,400,0.2,2020-03-23,2.351855931,22.9154186667,10.2632029777,2020-03-27,-4,Brittle,Brittle,Yes
COVID-19,41,2020-03-23,0.8,200,0.05,2020-03-23,2.351855931,22.9154186667,10.2632029777,2020-03-19,4,Brittle,Brittle,Yes
COVID-19,42,2020-03-23,0.8,200,0.1,2020-03-23,2.351855931,22.9154186667,10.2632029777,2020-03-23,0,Brittle,Brittle,Yes
COVID-19,43,2020-03-23,0.8,200,0.15,2020-03-23,2.351855931,22.9154186667,10.2632029777,2020-03-25,-2,Brittle,Brittle,Yes
COVID-19,44,2020-03-23,0.8,200,0.2,2020-03-23,2.351855931,22.9154186667,10.2632029777,2020-03-27,-4,Brittle,Brittle,Yes
COVID-19,45,2020-03-23,0.8,250,0.05,2020-03-23,2.351855931,22.9154186667,10.2632029777,2020-03-19,4,Brittle,Brittle,Yes
COVID-19,46,2020-03-23,0.8,250,0.1,2020-03-23,2.351855931,22.9154186667,10.2632029777,2020-03-23,0,Brittle,Brittle,Yes
COVID-19,47,2020-03-23,0.8,250,0.15,2020-03-23,2.351855931,22.9154186667,10.2632029777,2020-03-25,-2,Brittle,Brittle,Yes
COVID-19,48,2020-03-23,0.8,250,0.2,2020-03-23,2.351855931,22.9154186667,10.2632029777,2020-03-27,-4,Brittle,Brittle,Yes
COVID-19,49,2020-03-23,0.8,300,0.05,2020-03-23,2.351855931,22.9154186667,10.2632029777,2020-03-19,4,Brittle,Brittle,Yes
COVID-19,50,2020-03-23,0.8,300,0.1,2020-03-23,2.351855931,22.9154186667,10.2632029777,2020-03-23,0,Brittle,Brittle,Yes
COVID-19,51,2020-03-23,0.8,300,0.15,2020-03-23,2.351855931,22.9154186667,10.2632029777,2020-03-25,-2,Brittle,Brittle,Yes
COVID-19,52,2020-03-23,0.8,300,0.2,2020-03-23,2.351855931,22.9154186667,10.2632029777,2020-03-27,-4,Brittle,Brittle,Yes
COVID-19,53,2020-03-23,0.8,350,0.05,2020-03-23,2.351855931,22.9154186667,10.2632029777,2020-03-19,4,Brittle,Brittle,Yes
COVID-19,54,2020-03-23,0.8,350,0.1,2020-03-23,2.351855931,22.9154186667,10.2632029777,2020-03-23,0,Brittle,Brittle,Yes
COVID-19,55,2020-03-23,0.8,350,0.15,2020-03-23,2.351855931,22.9154186667,10.2632029777,2020-03-25,-2,Brittle,Brittle,Yes
COVID-19,56,2020-03-23,0.8,350,0.2,2020-03-23,2.351855931,22.9154186667,10.2632029777,2020-03-27,-4,Brittle,Brittle,Yes
COVID-19,57,2020-03-23,0.8,400,0.05,2020-03-23,2.351855931,22.9154186667,10.2632029777,2020-03-19,4,Brittle,Brittle,Yes
COVID-19,58,2020-03-23,0.8,400,0.1,2020-03-23,2.351855931,22.9154186667,10.2632029777,2020-03-23,0,Brittle,Brittle,Yes
COVID-19,59,2020-03-23,0.8,400,0.15,2020-03-23,2.351855931,22.9154186667,10.2632029777,2020-03-25,-2,Brittle,Brittle,Yes
COVID-19,60,2020-03-23,0.8,400,0.2,2020-03-23,2.351855931,22.9154186667,10.2632029777,2020-03-27,-4,Brittle,Brittle,Yes
COVID-19,61,2020-03-23,0.85,200,0.05,2020-03-23,2.351855931,22.9154186667,10.2632029777,2020-03-19,4,Brittle,Brittle,Yes
COVID-19,62,2020-03-23,0.85,200,0.1,2020-03-23,2.351855931,22.9154186667,10.2632029777,2020-03-23,0,Brittle,Brittle,Yes
COVID-19,63,2020-03-23,0.85,200,0.15,2020-03-23,2.351855931,22.9154186667,10.2632029777,2020-03-25,-2,Brittle,Brittle,Yes
COVID-19,64,2020-03-23,0.85,200,0.2,2020-03-23,2.351855931,22.9154186667,10.2632029777,2020-03-27,-4,Brittle,Brittle,Yes
COVID-19,65,2020-03-23,0.85,250,0.05,2020-03-23,2.351855931,22.9154186667,10.2632029777,2020-03-19,4,Brittle,Brittle,Yes
COVID-19,66,2020-03-23,0.85,250,0.1,2020-03-23,2.351855931,22.9154186667,10.2632029777,2020-03-23,0,Brittle,Brittle,Yes
COVID-19,67,2020-03-23,0.85,250,0.15,2020-03-23,2.351855931,22.9154186667,10.2632029777,2020-03-25,-2,Brittle,Brittle,Yes
COVID-19,68,2020-03-23,0.85,250,0.2,2020-03-23,2.351855931,22.9154186667,10.2632029777,2020-03-27,-4,Brittle,Brittle,Yes
COVID-19,69,2020-03-23,0.85,300,0.05,2020-03-23,2.351855931,22.9154186667,10.2632029777,2020-03-19,4,Brittle,Brittle,Yes
COVID-19,70,2020-03-23,0.85,300,0.1,2020-03-23,2.351855931,22.9154186667,10.2632029777,2020-03-23,0,Brittle,Brittle,Yes
COVID-19,71,2020-03-23,0.85,300,0.15,2020-03-23,2.351855931,22.9154186667,10.2632029777,2020-03-25,-2,Brittle,Brittle,Yes
COVID-19,72,2020-03-23,0.85,300,0.2,2020-03-23,2.351855931,22.9154186667,10.2632029777,2020-03-27,-4,Brittle,Brittle,Yes
COVID-19,73,2020-03-23,0.85,350,0.05,2020-03-23,2.351855931,22.9154186667,10.2632029777,2020-03-19,4,Brittle,Brittle,Yes
COVID-19,74,2020-03-23,0.85,350,0.1,2020-03-23,2.351855931,22.9154186667,10.2632029777,2020-03-23,0,Brittle,Brittle,Yes
COVID-19,75,2020-03-23,0.85,350,0.15,2020-03-23,2.351855931,22.9154186667,10.2632029777,2020-03-25,-2,Brittle,Brittle,Yes
COVID-19,76,2020-03-23,0.85,350,0.2,2020-03-23,2.351855931,22.9154186667,10.2632029777,2020-03-27,-4,Brittle,Brittle,Yes
COVID-19,77,2020-03-23,0.85,400,0.05,2020-03-23,2.351855931,22.9154186667,10.2632029777,2020-03-19,4,Brittle,Brittle,Yes
COVID-19,78,2020-03-23,0.85,400,0.1,2020-03-23,2.351855931,22.9154186667,10.2632029777,2020-03-23,0,Brittle,Brittle,Yes
COVID-19,79,2020-03-23,0.85,400,0.15,2020-03-23,2.351855931,22.9154186667,10.2632029777,2020-03-25,-2,Brittle,Brittle,Yes
COVID-19,80,2020-03-23,0.85,400,0.2,2020-03-23,2.351855931,22.9154186667,10.2632029777,2020-03-27,-4,Brittle,Brittle,Yes
COVID-19,81,2020-03-23,0.9,200,0.05,2020-03-23,2.351855931,22.9154186667,10.2632029777,2020-03-19,4,Brittle,Brittle,Yes
COVID-19,82,2020-03-23,0.9,200,0.1,2020-03-23,2.351855931,22.9154186667,10.2632029777,2020-03-23,0,Brittle,Brittle,Yes
COVID-19,83,2020-03-23,0.9,200,0.15,2020-03-23,2.351855931,22.9154186667,10.2632029777,2020-03-25,-2,Brittle,Brittle,Yes
COVID-19,84,2020-03-23,0.9,200,0.2,2020-03-23,2.351855931,22.9154186667,10.2632029777,2020-03-27,-4,Brittle,Brittle,Yes
COVID-19,85,2020-03-23,0.9,250,0.05,2020-03-23,2.351855931,22.9154186667,10.2632029777,2020-03-19,4,Brittle,Brittle,Yes
COVID-19,86,2020-03-23,0.9,250,0.1,2020-03-23,2.351855931,22.9154186667,10.2632029777,2020-03-23,0,Brittle,Brittle,Yes
COVID-19,87,2020-03-23,0.9,250,0.15,2020-03-23,2.351855931,22.9154186667,10.2632029777,2020-03-25,-2,Brittle,Brittle,Yes
COVID-19,88,2020-03-23,0.9,250,0.2,2020-03-23,2.351855931,22.9154186667,10.2632029777,2020-03-27,-4,Brittle,Brittle,Yes
COVID-19,89,2020-03-23,0.9,300,0.05,2020-03-23,2.351855931,22.9154186667,10.2632029777,2020-03-19,4,Brittle,Brittle,Yes
COVID-19,90,2020-03-23,0.9,300,0.1,2020-03-23,2.351855931,22.9154186667,10.2632029777,2020-03-23,0,Brittle,Brittle,Yes
COVID-19,91,2020-03-23,0.9,300,0.15,2020-03-23,2.351855931,22.9154186667,10.2632029777,2020-03-25,-2,Brittle,Brittle,Yes
COVID-19,92,2020-03-23,0.9,300,0.2,2020-03-23,2.351855931,22.9154186667,10.2632029777,2020-03-27,-4,Brittle,Brittle,Yes
COVID-19,93,2020-03-23,0.9,350,0.05,2020-03-23,2.351855931,22.9154186667,10.2632029777,2020-03-19,4,Brittle,Brittle,Yes
COVID-19,94,2020-03-23,0.9,350,0.1,2020-03-23,2.351855931,22.9154186667,10.2632029777,2020-03-23,0,Brittle,Brittle,Yes
COVID-19,95,2020-03-23,0.9,350,0.15,2020-03-23,2.351855931,22.9154186667,10.2632029777,2020-03-25,-2,Brittle,Brittle,Yes
COVID-19,96,2020-03-23,0.9,350,0.2,2020-03-23,2.351855931,22.9154186667,10.2632029777,2020-03-27,-4,Brittle,Brittle,Yes
COVID-19,97,2020-03-23,0.9,400,0.05,2020-03-23,2.351855931,22.9154186667,10.2632029777,2020-03-19,4,Brittle,Brittle,Yes
COVID-19,98,2020-03-23,0.9,400,0.1,2020-03-23,2.351855931,22.9154186667,10.2632029777,2020-03-23,0,Brittle,Brittle,Yes
COVID-19,99,2020-03-23,0.9,400,0.15,2020-03-23,2.351855931,22.9154186667,10.2632029777,2020-03-25,-2,Brittle,Brittle,Yes
COVID-19,100,2020-03-23,0.9,400,0.2,2020-03-23,2.351855931,22.9154186667,10.2632029777,2020-03-27,-4,Brittle,Brittle,Yes
Supply Chain,1,2021-10-01,0.7,200,0.05,2021-10-01,0.1711913163,0.2605940831,65.6927103855,2020-04-01,548,Ductile,Ductile,Yes
Supply Chain,2,2021-10-01,0.7,200,0.1,2021-10-01,0.1711913163,0.2605940831,65.6927103855,2020-04-01,548,Ductile,Ductile,Yes
Supply Chain,3,2021-10-01,0.7,200,0.15,2021-10-01,0.1711913163,0.2605940831,65.6927103855,2021-02-01,242,Ductile,Ductile,Yes
Supply Chain,4,2021-10-01,0.7,200,0.2,2021-10-01,0.1711913163,0.2605940831,65.6927103855,2021-03-01,214,Ductile,Ductile,Yes
Supply Chain,5,2021-10-01,0.7,250,0.05,2021-10-01,0.1711913163,0.2605940831,65.6927103855,2020-04-01,548,Ductile,Ductile,Yes
Supply Chain,6,2021-10-01,0.7,250,0.1,2021-10-01,0.1711913163,0.2605940831,65.6927103855,2020-04-01,548,Ductile,Ductile,Yes
Supply Chain,7,2021-10-01,0.7,250,0.15,2021-10-01,0.1711913163,0.2605940831,65.6927103855,2021-02-01,242,Brittle,Ductile,No
Supply Chain,8,2021-10-01,0.7,250,0.2,2021-10-01,0.1711913163,0.2605940831,65.6927103855,2021-03-01,214,Brittle,Ductile,No
Supply Chain,9,2021-10-01,0.7,300,0.05,2021-10-01,0.1711913163,0.2605940831,65.6927103855,2020-04-01,548,Ductile,Ductile,Yes
Supply Chain,10,2021-10-01,0.7,300,0.1,2021-10-01,0.1711913163,0.2605940831,65.6927103855,2020-04-01,548,Ductile,Ductile,Yes
Supply Chain,11,2021-10-01,0.7,300,0.15,2021-10-01,0.1711913163,0.2605940831,65.6927103855,2021-02-01,242,Brittle,Ductile,No
Supply Chain,12,2021-10-01,0.7,300,0.2,2021-10-01,0.1711913163,0.2605940831,65.6927103855,2021-03-01,214,Brittle,Ductile,No
Supply Chain,13,2021-10-01,0.7,350,0.05,2021-10-01,0.1711913163,0.2605940831,65.6927103855,2020-04-01,548,Ductile,Ductile,Yes
Supply Chain,14,2021-10-01,0.7,350,0.1,2021-10-01,0.1711913163,0.2605940831,65.6927103855,2020-04-01,548,Ductile,Ductile,Yes
Supply Chain,15,2021-10-01,0.7,350,0.15,2021-10-01,0.1711913163,0.2605940831,65.6927103855,2021-02-01,242,Brittle,Ductile,No
Supply Chain,16,2021-10-01,0.7,350,0.2,2021-10-01,0.1711913163,0.2605940831,65.6927103855,2021-03-01,214,Brittle,Ductile,No
Supply Chain,17,2021-10-01,0.7,400,0.05,2021-10-01,0.1711913163,0.2605940831,65.6927103855,2020-04-01,548,Ductile,Ductile,Yes
Supply Chain,18,2021-10-01,0.7,400,0.1,2021-10-01,0.1711913163,0.2605940831,65.6927103855,2020-04-01,548,Ductile,Ductile,Yes
Supply Chain,19,2021-10-01,0.7,400,0.15,2021-10-01,0.1711913163,0.2605940831,65.6927103855,2021-02-01,242,Brittle,Ductile,No
Supply Chain,20,2021-10-01,0.7,400,0.2,2021-10-01,0.1711913163,0.2605940831,65.6927103855,2021-03-01,214,Brittle,Ductile,No
Supply Chain,21,2021-10-01,0.75,200,0.05,2021-10-01,0.1711913163,0.2605940831,65.6927103855,2020-04-01,548,Ductile,Ductile,Yes
Supply Chain,22,2021-10-01,0.75,200,0.1,2021-10-01,0.1711913163,0.2605940831,65.6927103855,2020-04-01,548,Ductile,Ductile,Yes
Supply Chain,23,2021-10-01,0.75,200,0.15,2021-10-01,0.1711913163,0.2605940831,65.6927103855,2021-02-01,242,Ductile,Ductile,Yes
Supply Chain,24,2021-10-01,0.75,200,0.2,2021-10-01,0.1711913163,0.2605940831,65.6927103855,2021-03-01,214,Ductile,Ductile,Yes
Supply Chain,25,2021-10-01,0.75,250,0.05,2021-10-01,0.1711913163,0.2605940831,65.6927103855,2020-04-01,548,Ductile,Ductile,Yes
Supply Chain,26,2021-10-01,0.75,250,0.1,2021-10-01,0.1711913163,0.2605940831,65.6927103855,2020-04-01,548,Ductile,Ductile,Yes
Supply Chain,27,2021-10-01,0.75,250,0.15,2021-10-01,0.1711913163,0.2605940831,65.6927103855,2021-02-01,242,Brittle,Ductile,No
Supply Chain,28,2021-10-01,0.75,250,0.2,2021-10-01,0.1711913163,0.2605940831,65.6927103855,2021-03-01,214,Brittle,Ductile,No
Supply Chain,29,2021-10-01,0.75,300,0.05,2021-10-01,0.1711913163,0.2605940831,65.6927103855,2020-04-01,548,Ductile,Ductile,Yes
Supply Chain,30,2021-10-01,0.75,300,0.1,2021-10-01,0.1711913163,0.2605940831,65.6927103855,2020-04-01,548,Ductile,Ductile,Yes
Supply Chain,31,2021-10-01,0.75,300,0.15,2021-10-01,0.1711913163,0.2605940831,65.6927103855,2021-02-01,242,Brittle,Ductile,No
Supply Chain,32,2021-10-01,0.75,300,0.2,2021-10-01,0.1711913163,0.2605940831,65.6927103855,2021-03-01,214,Brittle,Ductile,No
Supply Chain,33,2021-10-01,0.75,350,0.05,2021-10-01,0.1711913163,0.2605940831,65.6927103855,2020-04-01,548,Ductile,Ductile,Yes
Supply Chain,34,2021-10-01,0.75,350,0.1,2021-10-01,0.1711913163,0.2605940831,65.6927103855,2020-04-01,548,Ductile,Ductile,Yes
Supply Chain,35,2021-10-01,0.75,350,0.15,2021-10-01,0.1711913163,0.2605940831,65.6927103855,2021-02-01,242,Brittle,Ductile,No
Supply Chain,36,2021-10-01,0.75,350,0.2,2021-10-01,0.1711913163,0.2605940831,65.6927103855,2021-03-01,214,Brittle,Ductile,No
Supply Chain,37,2021-10-01,0.75,400,0.05,2021-10-01,0.1711913163,0.2605940831,65.6927103855,2020-04-01,548,Ductile,Ductile,Yes
Supply Chain,38,2021-10-01,0.75,400,0.1,2021-10-01,0.1711913163,0.2605940831,65.6927103855,2020-04-01,548,Ductile,Ductile,Yes
Supply Chain,39,2021-10-01,0.75,400,0.15,2021-10-01,0.1711913163,0.2605940831,65.6927103855,2021-02-01,242,Brittle,Ductile,No
Supply Chain,40,2021-10-01,0.75,400,0.2,2021-10-01,0.1711913163,0.2605940831,65.6927103855,2021-03-01,214,Brittle,Ductile,No
Supply Chain,41,2021-10-01,0.8,200,0.05,2021-10-01,0.1711913163,0.2605940831,65.6927103855,2020-04-01,548,Ductile,Ductile,Yes
Supply Chain,42,2021-10-01,0.8,200,0.1,2021-10-01,0.1711913163,0.2605940831,65.6927103855,2020-04-01,548,Ductile,Ductile,Yes
Supply Chain,43,2021-10-01,0.8,200,0.15,2021-10-01,0.1711913163,0.2605940831,65.6927103855,2021-02-01,242,Ductile,Ductile,Yes
Supply Chain,44,2021-10-01,0.8,200,0.2,2021-10-01,0.1711913163,0.2605940831,65.6927103855,2021-03-01,214,Ductile,Ductile,Yes
Supply Chain,45,2021-10-01,0.8,250,0.05,2021-10-01,0.1711913163,0.2605940831,65.6927103855,2020-04-01,548,Ductile,Ductile,Yes
Supply Chain,46,2021-10-01,0.8,250,0.1,2021-10-01,0.1711913163,0.2605940831,65.6927103855,2020-04-01,548,Ductile,Ductile,Yes
Supply Chain,47,2021-10-01,0.8,250,0.15,2021-10-01,0.1711913163,0.2605940831,65.6927103855,2021-02-01,242,Brittle,Ductile,No
Supply Chain,48,2021-10-01,0.8,250,0.2,2021-10-01,0.1711913163,0.2605940831,65.6927103855,2021-03-01,214,Brittle,Ductile,No
Supply Chain,49,2021-10-01,0.8,300,0.05,2021-10-01,0.1711913163,0.2605940831,65.6927103855,2020-04-01,548,Ductile,Ductile,Yes
Supply Chain,50,2021-10-01,0.8,300,0.1,2021-10-01,0.1711913163,0.2605940831,65.6927103855,2020-04-01,548,Ductile,Ductile,Yes
Supply Chain,51,2021-10-01,0.8,300,0.15,2021-10-01,0.1711913163,0.2605940831,65.6927103855,2021-02-01,242,Brittle,Ductile,No
Supply Chain,52,2021-10-01,0.8,300,0.2,2021-10-01,0.1711913163,0.2605940831,65.6927103855,2021-03-01,214,Brittle,Ductile,No
Supply Chain,53,2021-10-01,0.8,350,0.05,2021-10-01,0.1711913163,0.2605940831,65.6927103855,2020-04-01,548,Ductile,Ductile,Yes
Supply Chain,54,2021-10-01,0.8,350,0.1,2021-10-01,0.1711913163,0.2605940831,65.6927103855,2020-04-01,548,Ductile,Ductile,Yes
Supply Chain,55,2021-10-01,0.8,350,0.15,2021-10-01,0.1711913163,0.2605940831,65.6927103855,2021-02-01,242,Brittle,Ductile,No
Supply Chain,56,2021-10-01,0.8,350,0.2,2021-10-01,0.1711913163,0.2605940831,65.6927103855,2021-03-01,214,Brittle,Ductile,No
Supply Chain,57,2021-10-01,0.8,400,0.05,2021-10-01,0.1711913163,0.2605940831,65.6927103855,2020-04-01,548,Ductile,Ductile,Yes
Supply Chain,58,2021-10-01,0.8,400,0.1,2021-10-01,0.1711913163,0.2605940831,65.6927103855,2020-04-01,548,Ductile,Ductile,Yes
Supply Chain,59,2021-10-01,0.8,400,0.15,2021-10-01,0.1711913163,0.2605940831,65.6927103855,2021-02-01,242,Brittle,Ductile,No
Supply Chain,60,2021-10-01,0.8,400,0.2,2021-10-01,0.1711913163,0.2605940831,65.6927103855,2021-03-01,214,Brittle,Ductile,No
Supply Chain,61,2021-10-01,0.85,200,0.05,2021-10-01,0.1711913163,0.2605940831,65.6927103855,2020-04-01,548,Ductile,Ductile,Yes
Supply Chain,62,2021-10-01,0.85,200,0.1,2021-10-01,0.1711913163,0.2605940831,65.6927103855,2020-04-01,548,Ductile,Ductile,Yes
Supply Chain,63,2021-10-01,0.85,200,0.15,2021-10-01,0.1711913163,0.2605940831,65.6927103855,2021-02-01,242,Ductile,Ductile,Yes
Supply Chain,64,2021-10-01,0.85,200,0.2,2021-10-01,0.1711913163,0.2605940831,65.6927103855,2021-03-01,214,Ductile,Ductile,Yes
Supply Chain,65,2021-10-01,0.85,250,0.05,2021-10-01,0.1711913163,0.2605940831,65.6927103855,2020-04-01,548,Ductile,Ductile,Yes
Supply Chain,66,2021-10-01,0.85,250,0.1,2021-10-01,0.1711913163,0.2605940831,65.6927103855,2020-04-01,548,Ductile,Ductile,Yes
Supply Chain,67,2021-10-01,0.85,250,0.15,2021-10-01,0.1711913163,0.2605940831,65.6927103855,2021-02-01,242,Brittle,Ductile,No
Supply Chain,68,2021-10-01,0.85,250,0.2,2021-10-01,0.1711913163,0.2605940831,65.6927103855,2021-03-01,214,Brittle,Ductile,No
Supply Chain,69,2021-10-01,0.85,300,0.05,2021-10-01,0.1711913163,0.2605940831,65.6927103855,2020-04-01,548,Ductile,Ductile,Yes
Supply Chain,70,2021-10-01,0.85,300,0.1,2021-10-01,0.1711913163,0.2605940831,65.6927103855,2020-04-01,548,Ductile,Ductile,Yes
Supply Chain,71,2021-10-01,0.85,300,0.15,2021-10-01,0.1711913163,0.2605940831,65.6927103855,2021-02-01,242,Brittle,Ductile,No
Supply Chain,72,2021-10-01,0.85,300,0.2,2021-10-01,0.1711913163,0.2605940831,65.6927103855,2021-03-01,214,Brittle,Ductile,No
Supply Chain,73,2021-10-01,0.85,350,0.05,2021-10-01,0.1711913163,0.2605940831,65.6927103855,2020-04-01,548,Ductile,Ductile,Yes
Supply Chain,74,2021-10-01,0.85,350,0.1,2021-10-01,0.1711913163,0.2605940831,65.6927103855,2020-04-01,548,Ductile,Ductile,Yes
Supply Chain,75,2021-10-01,0.85,350,0.15,2021-10-01,0.1711913163,0.2605940831,65.6927103855,2021-02-01,242,Brittle,Ductile,No
Supply Chain,76,2021-10-01,0.85,350,0.2,2021-10-01,0.1711913163,0.2605940831,65.6927103855,2021-03-01,214,Brittle,Ductile,No
Supply Chain,77,2021-10-01,0.85,400,0.05,2021-10-01,0.1711913163,0.2605940831,65.6927103855,2020-04-01,548,Ductile,Ductile,Yes
Supply Chain,78,2021-10-01,0.85,400,0.1,2021-10-01,0.1711913163,0.2605940831,65.6927103855,2020-04-01,548,Ductile,Ductile,Yes
Supply Chain,79,2021-10-01,0.85,400,0.15,2021-10-01,0.1711913163,0.2605940831,65.6927103855,2021-02-01,242,Brittle,Ductile,No
Supply Chain,80,2021-10-01,0.85,400,0.2,2021-10-01,0.1711913163,0.2605940831,65.6927103855,2021-03-01,214,Brittle,Ductile,No
Supply Chain,81,2021-10-01,0.9,200,0.05,2021-10-01,0.1711913163,0.2605940831,65.6927103855,2020-04-01,548,Ductile,Ductile,Yes
Supply Chain,82,2021-10-01,0.9,200,0.1,2021-10-01,0.1711913163,0.2605940831,65.6927103855,2020-04-01,548,Ductile,Ductile,Yes
Supply Chain,83,2021-10-01,0.9,200,0.15,2021-10-01,0.1711913163,0.2605940831,65.6927103855,2021-02-01,242,Ductile,Ductile,Yes
Supply Chain,84,2021-10-01,0.9,200,0.2,2021-10-01,0.1711913163,0.2605940831,65.6927103855,2021-03-01,214,Ductile,Ductile,Yes
Supply Chain,85,2021-10-01,0.9,250,0.05,2021-10-01,0.1711913163,0.2605940831,65.6927103855,2020-04-01,548,Ductile,Ductile,Yes
Supply Chain,86,2021-10-01,0.9,250,0.1,2021-10-01,0.1711913163,0.2605940831,65.6927103855,2020-04-01,548,Ductile,Ductile,Yes
Supply Chain,87,2021-10-01,0.9,250,0.15,2021-10-01,0.1711913163,0.2605940831,65.6927103855,2021-02-01,242,Brittle,Ductile,No
Supply Chain,88,2021-10-01,0.9,250,0.2,2021-10-01,0.1711913163,0.2605940831,65.6927103855,2021-03-01,214,Brittle,Ductile,No
Supply Chain,89,2021-10-01,0.9,300,0.05,2021-10-01,0.1711913163,0.2605940831,65.6927103855,2020-04-01,548,Ductile,Ductile,Yes
Supply Chain,90,2021-10-01,0.9,300,0.1,2021-10-01,0.1711913163,0.2605940831,65.6927103855,2020-04-01,548,Ductile,Ductile,Yes
Supply Chain,91,2021-10-01,0.9,300,0.15,2021-10-01,0.1711913163,0.2605940831,65.6927103855,2021-02-01,242,Brittle,Ductile,No
Supply Chain,92,2021-10-01,0.9,300,0.2,2021-10-01,0.1711913163,0.2605940831,65.6927103855,2021-03-01,214,Brittle,Ductile,No
Supply Chain,93,2021-10-01,0.9,350,0.05,2021-10-01,0.1711913163,0.2605940831,65.6927103855,2020-04-01,548,Ductile,Ductile,Yes
Supply Chain,94,2021-10-01,0.9,350,0.1,2021-10-01,0.1711913163,0.2605940831,65.6927103855,2020-04-01,548,Ductile,Ductile,Yes
Supply Chain,95,2021-10-01,0.9,350,0.15,2021-10-01,0.1711913163,0.2605940831,65.6927103855,2021-02-01,242,Brittle,Ductile,No
Supply Chain,96,2021-10-01,0.9,350,0.2,2021-10-01,0.1711913163,0.2605940831,65.6927103855,2021-03-01,214,Brittle,Ductile,No
Supply Chain,97,2021-10-01,0.9,400,0.05,2021-10-01,0.1711913163,0.2605940831,65.6927103855,2020-04-01,548,Ductile,Ductile,Yes
Supply Chain,98,2021-10-01,0.9,400,0.1,2021-10-01,0.1711913163,0.2605940831,65.6927103855,2020-04-01,548,Ductile,Ductile,Yes
Supply Chain,99,2021-10-01,0.9,400,0.15,2021-10-01,0.1711913163,0.2605940831,65.6927103855,2021-02-01,242,Brittle,Ductile,No
Supply Chain,100,2021-10-01,0.9,400,0.2,2021-10-01,0.1711913163,0.2605940831,65.6927103855,2021-03-01,214,Brittle,Ductile,No
